{"tgs":1,"v":"5.5.2","fr":60,"ip":0,"op":91,"w":512,"h":512,"nm":"Cloud Folder 2v","ddd":0,"assets":[],"layers":[{"ddd":0,"ind":1,"ty":3,"nm":"NULL FOLDER","sr":1,"ks":{"o":{"a":0,"k":0},"p":{"a":1,"k":[{"i":{"x":0.7,"y":1},"o":{"x":0.8,"y":0},"t":32,"s":[256,346,0],"to":[0,0,0],"ti":[0,0,0]},{"i":{"x":0.8,"y":1},"o":{"x":0.6,"y":0},"t":42,"s":[256,210,0],"to":[0,0,0],"ti":[0,0,0]},{"i":{"x":0.4,"y":1},"o":{"x":0.2,"y":0},"t":53,"s":[256,270,0],"to":[0,0,0],"ti":[0,0,0]},{"i":{"x":0.4,"y":1},"o":{"x":0.3,"y":0},"t":64,"s":[256,248,0],"to":[0,0,0],"ti":[0,0,0]},{"t":80,"s":[256,256,0]}]},"s":{"a":1,"k":[{"i":{"x":[0.8,0.8,0.8],"y":[1,1,1]},"o":{"x":[0.6,0.6,0.6],"y":[0,0,0]},"t":44,"s":[100,100,100]},{"i":{"x":[0.4,0.4,0.4],"y":[1,1,1]},"o":{"x":[0.2,0.2,0.2],"y":[0,0,0]},"t":56,"s":[102,98,100]},{"i":{"x":[0.4,0.4,0.4],"y":[1,1,1]},"o":{"x":[0.3,0.3,0.3],"y":[0,0,0]},"t":67,"s":[98,102,100]},{"t":90,"s":[100,100,100]}]}},"ao":0,"ip":0,"op":191,"st":11,"bm":0},{"ddd":0,"ind":2,"ty":4,"nm":"Link","parent":4,"sr":1,"ks":{"o":{"a":1,"k":[{"i":{"x":[0.4],"y":[1]},"o":{"x":[0.167],"y":[0.167]},"t":40,"s":[30]},{"t":49,"s":[100]}]},"p":{"a":0,"k":[15.21,16.65,0]},"a":{"a":0,"k":[15.21,16.65,0]}},"ao":0,"shapes":[{"ty":"gr","it":[{"ty":"gr","it":[{"ind":0,"ty":"sh","ks":{"a":1,"k":[{"i":{"x":0.833,"y":0.833},"o":{"x":0.167,"y":0.167},"t":40,"s":[{"i":[[0,0],[0,0],[7.082,8.482],[-7.252,6.717],[0,0],[-12.077,-10.438],[-0.785,-1.693]],"o":[[0,0],[-7.585,6.384],[-7.11,-8.516],[0,0],[8.645,-8.132],[1.394,1.205],[3.811,8.223]],"v":[[11.713,21.237],[-3.208,32.085],[-32.364,30.304],[-30.748,-0.418],[-14.188,-15.373],[24.709,-24.415],[27.737,-19.789]],"c":false}]},{"i":{"x":0.8,"y":1},"o":{"x":0.6,"y":0},"t":44,"s":[{"i":[[0,0],[0,0],[7.311,6.298],[-3.84,9.379],[0,0],[-7.227,-5.703],[-0.986,-1.481]],"o":[[0,0],[-4.217,9.338],[-7.34,-6.323],[0,0],[4.56,-11.312],[1.248,0.985],[4.789,7.193]],"v":[[34.937,28.773],[27.066,47.091],[4.708,55.619],[1.961,22.371],[10.412,2.714],[30.347,-7.642],[33.706,-3.91]],"c":false}]},{"i":{"x":0.4,"y":1},"o":{"x":0.2,"y":0},"t":56,"s":[{"i":[[0,0],[0,0],[10.591,2.713],[-5.9,7.727],[0,0],[-10.48,-2.311],[-1.416,-0.815]],"o":[[0,0],[-6.377,7.644],[-10.633,-2.724],[0,0],[6.994,-9.296],[1.81,0.399],[6.874,3.955]],"v":[[42.833,54.053],[30.914,68.951],[-2.049,80.383],[-10.117,58.728],[2.941,42.406],[36.853,29.303],[41.702,31.144]],"c":false}]},{"i":{"x":0.4,"y":1},"o":{"x":0.3,"y":0},"t":67,"s":[{"i":[[0,0],[0,0],[8.882,5.984],[-5.823,8.794],[0,0],[-8.824,-5.43],[-1.144,-1.393]],"o":[[0,0],[-6.227,8.577],[-8.917,-6.008],[0,0],[6.916,-10.605],[1.524,0.938],[5.557,6.764]],"v":[[19.88,37.841],[8.183,54.674],[-21.345,62.144],[-26.254,31.871],[-13.44,13.429],[17.065,3.981],[21.075,7.508]],"c":false}]},{"t":90,"s":[{"i":[[0,0],[0,0],[8.66,6.3],[-6.136,8.579],[0,0],[-8.623,-5.745],[-1.093,-1.433]],"o":[[0,0],[-6.532,8.347],[-8.695,-6.325],[0,0],[7.294,-10.349],[1.489,0.992],[5.31,6.96]],"v":[[23.21,42.551],[10.914,58.952],[-18.863,65.354],[-22.68,34.923],[-9.209,16.955],[21.616,8.612],[25.496,12.28]],"c":false}]}]},"nm":"Path 1","hd":false},{"ty":"st","c":{"a":0,"k":[0.435294121504,0.501960813999,0.529411792755,1]},"o":{"a":0,"k":100},"w":{"a":0,"k":8},"lc":2,"lj":2,"bm":0,"nm":"Stroke 1","hd":false},{"ty":"tr","p":{"a":0,"k":[0,0]},"a":{"a":0,"k":[0,0]},"s":{"a":0,"k":[100,100]},"r":{"a":0,"k":0},"o":{"a":0,"k":100},"sk":{"a":0,"k":0},"sa":{"a":0,"k":0},"nm":"Transform"}],"nm":"Group 1","bm":0,"hd":false},{"ty":"gr","it":[{"ind":0,"ty":"sh","ks":{"a":1,"k":[{"i":{"x":0.833,"y":0.833},"o":{"x":0.167,"y":0.167},"t":40,"s":[{"i":[[0,0],[0,0],[-7.141,-7.93],[8.505,-8.577],[0,0],[14.526,7.8],[1.056,1.807]],"o":[[0,0],[8.645,-8.132],[7.221,8.019],[0,0],[-7.585,6.385],[-1.81,-0.972],[-2.39,-4.088]],"v":[[-16.758,-13.166],[-3.323,-22.672],[27.152,-22.504],[25.439,8.753],[8.446,23.733],[-27.684,34.189],[-32.874,29.761]],"c":false}]},{"i":{"x":0.8,"y":1},"o":{"x":0.6,"y":0},"t":44,"s":[{"i":[[0,0],[0,0],[-7.227,-5.703],[4.398,-11.945],[0,0],[7.311,6.298],[0.771,1.81]],"o":[[0,0],[4.56,-11.312],[7.308,5.767],[0,0],[-4.217,9.338],[-1.359,-1.171],[-3.391,-7.965]],"v":[[24.079,-25.902],[31.138,-42.319],[51.697,-53.689],[57.707,-20.581],[48.416,1.043],[26.058,9.572],[23.183,5.458]],"c":false}]},{"i":{"x":0.4,"y":1},"o":{"x":0.2,"y":0},"t":56,"s":[{"i":[[0,0],[0,0],[-10.48,-2.311],[6.696,-9.538],[0,0],[10.591,2.713],[1.456,1.01]],"o":[[0,0],[6.994,-9.296],[10.597,2.337],[0,0],[-6.377,7.644],[-1.969,-0.505],[-6.407,-4.445]],"v":[[21.856,20.656],[32.762,7.024],[66.674,-6.08],[74.805,15.981],[60.735,33.569],[27.771,45],[22.627,42.69]],"c":false}]},{"i":{"x":0.4,"y":1},"o":{"x":0.3,"y":0},"t":67,"s":[{"i":[[0,0],[0,0],[-8.824,-5.43],[6.682,-10.991],[0,0],[8.882,5.984],[1.161,1.659]],"o":[[0,0],[6.916,-10.605],[8.923,5.491],[0,0],[-6.227,8.577],[-1.651,-1.113],[-5.107,-7.3]],"v":[[4.943,-10.8],[15.646,-26.202],[46.151,-35.651],[51.077,-4.83],[37.269,15.042],[7.741,22.512],[3.521,18.303]],"c":false}]},{"t":90,"s":[{"i":[[0,0],[0,0],[-8.623,-5.745],[7.073,-10.743],[0,0],[8.66,6.3],[1.1,1.7]],"o":[[0,0],[7.294,-10.349],[8.72,5.809],[0,0],[-6.532,8.347],[-1.61,-1.171],[-4.841,-7.479]],"v":[[10.034,-6.596],[21.285,-21.603],[52.11,-29.947],[55.923,1.031],[41.408,20.393],[11.63,26.795],[7.565,22.437]],"c":false}]}]},"nm":"Path 1","hd":false},{"ty":"st","c":{"a":0,"k":[0.435294121504,0.501960813999,0.529411792755,1]},"o":{"a":0,"k":100},"w":{"a":0,"k":8},"lc":2,"lj":2,"bm":0,"nm":"Stroke 1","hd":false},{"ty":"tr","p":{"a":0,"k":[0,0]},"a":{"a":0,"k":[0,0]},"s":{"a":0,"k":[100,100]},"r":{"a":0,"k":0},"o":{"a":0,"k":100},"sk":{"a":0,"k":0},"sa":{"a":0,"k":0},"nm":"Transform"}],"nm":"Group 2","bm":0,"hd":false},{"ty":"tr","p":{"a":0,"k":[0,0]},"a":{"a":0,"k":[0,0]},"s":{"a":0,"k":[100,100]},"r":{"a":0,"k":0},"o":{"a":0,"k":100},"sk":{"a":0,"k":0},"sa":{"a":0,"k":0},"nm":"Transform"}],"nm":"Group 1","bm":0,"hd":false},{"ty":"gr","it":[{"ty":"gr","it":[{"ind":0,"ty":"sh","ks":{"a":1,"k":[{"i":{"x":0.833,"y":0.833},"o":{"x":0.167,"y":0.167},"t":40,"s":[{"i":[[0,0],[0,0],[7.082,8.482],[-7.252,6.717],[0,0],[-12.077,-10.438],[-0.785,-1.693]],"o":[[0,0],[-7.585,6.384],[-7.11,-8.516],[0,0],[8.645,-8.132],[1.394,1.205],[3.811,8.223]],"v":[[11.713,21.237],[-3.208,32.085],[-32.364,30.304],[-30.748,-0.418],[-14.188,-15.373],[24.709,-24.415],[27.737,-19.789]],"c":false}]},{"i":{"x":0.8,"y":1},"o":{"x":0.6,"y":0},"t":44,"s":[{"i":[[0,0],[0,0],[7.311,6.298],[-3.84,9.379],[0,0],[-7.227,-5.703],[-0.986,-1.481]],"o":[[0,0],[-4.217,9.338],[-7.34,-6.323],[0,0],[4.56,-11.312],[1.248,0.985],[4.789,7.193]],"v":[[34.937,28.773],[27.066,47.091],[4.708,55.619],[1.961,22.371],[10.412,2.714],[30.347,-7.642],[33.706,-3.91]],"c":false}]},{"i":{"x":0.4,"y":1},"o":{"x":0.2,"y":0},"t":56,"s":[{"i":[[0,0],[0,0],[10.591,2.713],[-5.9,7.727],[0,0],[-10.48,-2.311],[-1.416,-0.815]],"o":[[0,0],[-6.377,7.644],[-10.633,-2.724],[0,0],[6.994,-9.296],[1.81,0.399],[6.874,3.955]],"v":[[42.833,54.053],[30.914,68.951],[-2.049,80.383],[-10.117,58.728],[2.941,42.406],[36.853,29.303],[41.702,31.144]],"c":false}]},{"i":{"x":0.4,"y":1},"o":{"x":0.3,"y":0},"t":67,"s":[{"i":[[0,0],[0,0],[8.882,5.984],[-5.823,8.794],[0,0],[-8.824,-5.43],[-1.144,-1.393]],"o":[[0,0],[-6.227,8.577],[-8.917,-6.008],[0,0],[6.916,-10.605],[1.524,0.938],[5.557,6.764]],"v":[[19.88,37.841],[8.183,54.674],[-21.345,62.144],[-26.254,31.871],[-13.44,13.429],[17.065,3.981],[21.075,7.508]],"c":false}]},{"t":90,"s":[{"i":[[0,0],[0,0],[8.66,6.3],[-6.136,8.579],[0,0],[-8.623,-5.745],[-1.093,-1.433]],"o":[[0,0],[-6.532,8.347],[-8.695,-6.325],[0,0],[7.294,-10.349],[1.489,0.992],[5.31,6.96]],"v":[[23.21,42.551],[10.914,58.952],[-18.863,65.354],[-22.68,34.923],[-9.209,16.955],[21.616,8.612],[25.496,12.28]],"c":false}]}]},"nm":"Path 1","hd":false},{"ty":"st","c":{"a":0,"k":[0.956862745098,0.956862745098,0.956862745098,1]},"o":{"a":0,"k":100},"w":{"a":0,"k":8},"lc":2,"lj":2,"bm":0,"nm":"Stroke 1","hd":false},{"ty":"tr","p":{"a":0,"k":[-3.733,-2.597]},"a":{"a":0,"k":[0,0]},"s":{"a":0,"k":[100.952,100.952]},"r":{"a":0,"k":0},"o":{"a":0,"k":100},"sk":{"a":0,"k":0},"sa":{"a":0,"k":0},"nm":"Transform"}],"nm":"Group 1","bm":0,"hd":false},{"ty":"gr","it":[{"ind":0,"ty":"sh","ks":{"a":1,"k":[{"i":{"x":0.833,"y":0.833},"o":{"x":0.167,"y":0.167},"t":40,"s":[{"i":[[0,0],[0,0],[-7.141,-7.93],[8.505,-8.577],[0,0],[14.526,7.8]],"o":[[0,0],[8.645,-8.132],[7.221,8.019],[0,0],[-7.585,6.385],[-1.81,-0.972]],"v":[[-16.758,-13.166],[-3.323,-22.672],[27.152,-22.504],[25.439,8.753],[8.446,23.733],[-27.684,34.189]],"c":false}]},{"i":{"x":0.8,"y":1},"o":{"x":0.6,"y":0},"t":44,"s":[{"i":[[0,0],[0,0],[-7.227,-5.703],[4.398,-11.945],[0,0],[6.966,7.892]],"o":[[0,0],[4.56,-11.312],[7.308,5.767],[0,0],[-4.217,9.338],[-1.187,-1.345]],"v":[[24.079,-25.902],[31.138,-42.319],[51.697,-53.689],[57.707,-20.581],[48.416,1.043],[28.665,7.226]],"c":false}]},{"i":{"x":0.4,"y":1},"o":{"x":0.2,"y":0},"t":56,"s":[{"i":[[0,0],[0,0],[-10.48,-2.311],[6.696,-9.538],[0,0],[12.344,4.126]],"o":[[0,0],[6.994,-9.296],[10.597,2.337],[0,0],[-6.377,7.644],[-1.928,-0.644]],"v":[[21.856,20.656],[32.762,7.024],[66.674,-6.08],[74.805,15.981],[60.735,33.569],[28.155,43.005]],"c":false}]},{"i":{"x":0.4,"y":1},"o":{"x":0.3,"y":0},"t":67,"s":[{"i":[[0,0],[0,0],[-8.824,-5.43],[6.682,-10.991],[0,0],[9.922,7.566]],"o":[[0,0],[6.916,-10.605],[8.923,5.491],[0,0],[-6.227,8.577],[-1.583,-1.207]],"v":[[4.943,-10.8],[15.646,-26.202],[46.151,-35.651],[51.077,-4.83],[37.269,15.042],[8.805,20.34]],"c":false}]},{"t":90,"s":[{"i":[[0,0],[0,0],[-8.623,-5.745],[7.073,-10.743],[0,0],[9.142,6.277]],"o":[[0,0],[7.294,-10.349],[8.72,5.809],[0,0],[-6.532,8.347],[-1.642,-1.127]],"v":[[10.034,-6.596],[21.285,-21.603],[52.11,-29.947],[55.923,1.031],[41.408,20.393],[10.718,25.753]],"c":false}]}]},"nm":"Path 1","hd":false},{"ty":"st","c":{"a":0,"k":[0.956862745098,0.956862745098,0.956862745098,1]},"o":{"a":0,"k":100},"w":{"a":0,"k":8},"lc":2,"lj":2,"bm":0,"nm":"Stroke 1","hd":false},{"ty":"tr","p":{"a":0,"k":[-3.733,-2.597]},"a":{"a":0,"k":[0,0]},"s":{"a":0,"k":[100.952,100.952]},"r":{"a":0,"k":0},"o":{"a":0,"k":100},"sk":{"a":0,"k":0},"sa":{"a":0,"k":0},"nm":"Transform"}],"nm":"Group 2","bm":0,"hd":false},{"ty":"tr","p":{"a":0,"k":[-0.527,0.263]},"a":{"a":0,"k":[0,0]},"s":{"a":0,"k":[100,100]},"r":{"a":0,"k":0},"o":{"a":0,"k":100},"sk":{"a":0,"k":0},"sa":{"a":0,"k":0},"nm":"Transform"}],"nm":"Group 2","bm":0,"hd":false}],"ip":40,"op":184,"st":-9,"bm":0},{"ddd":0,"ind":3,"ty":4,"nm":"Cloud","sr":1,"ks":{"o":{"a":1,"k":[{"i":{"x":[0.833],"y":[0.833]},"o":{"x":[0.167],"y":[0.167]},"t":0,"s":[0]},{"t":5,"s":[100]}]},"p":{"a":1,"k":[{"i":{"x":0.4,"y":1},"o":{"x":0.31,"y":0},"t":0,"s":[256,226,0],"to":[0,0,0],"ti":[0,0,0]},{"i":{"x":0.4,"y":1},"o":{"x":0.31,"y":0},"t":11,"s":[256,293,0],"to":[0,0,0],"ti":[0,0,0]},{"i":{"x":0.5,"y":1},"o":{"x":0.5,"y":0},"t":19,"s":[256,261,0],"to":[0,0,0],"ti":[0,0,0]},{"i":{"x":0.69,"y":1},"o":{"x":0.8,"y":0},"t":32,"s":[256,345,0],"to":[0,0,0],"ti":[0,0,0]},{"t":42,"s":[256,208,0]}]},"a":{"a":0,"k":[542.419,4.14,0]},"s":{"a":1,"k":[{"i":{"x":[0.4,0.4,0.4],"y":[1,1,1]},"o":{"x":[0.31,0.31,0.31],"y":[0,0,0]},"t":1,"s":[29,39.6,100]},{"i":{"x":[0.4,0.4,0.4],"y":[1,1,1]},"o":{"x":[0.31,0.31,0.31],"y":[0,0,0]},"t":13,"s":[91,72.596,100]},{"i":{"x":[0.5,0.5,0.5],"y":[1,1,1]},"o":{"x":[0.5,0.5,0.5],"y":[0,0,0]},"t":21,"s":[80,83.077,100]},{"i":{"x":[0.69,0.69,0.69],"y":[1,1,1]},"o":{"x":[0.8,0.8,0.8],"y":[0,0,0]},"t":34,"s":[94,71.556,100]},{"t":44,"s":[77,83,100]}]}},"ao":0,"shapes":[{"ty":"gr","it":[{"ind":0,"ty":"sh","ks":{"a":1,"k":[{"i":{"x":0.833,"y":0.833},"o":{"x":0.167,"y":0.167},"t":34,"s":[{"i":[[10.892,-17.704],[43.717,0],[0,0],[18.235,28.656]],"o":[[-18.154,29.507],[0,0],[-43.235,0],[-11.451,-17.995]],"v":[[763.125,113.21],[668.852,162.117],[416.334,162.117],[322.889,114.723]],"c":false}]},{"t":44,"s":[{"i":[[2.507,-20.126],[23.315,-7.684],[0,0],[-2.548,45.442]],"o":[[-2.139,17.173],[0,0],[-43.235,0],[1.194,-21.296]],"v":[[724.429,104.437],[684.364,140.74],[375.425,213.322],[329.383,125.566]],"c":false}]}]},"nm":"Path 1","hd":false},{"ty":"st","c":{"a":1,"k":[{"i":{"x":[0.833],"y":[1.251]},"o":{"x":[0.3],"y":[0]},"t":28,"s":[0.541176497936,0.592156887054,0.607843160629,1]},{"t":44,"s":[0.435294147566,0.501960784314,0.529411764706,1]}]},"o":{"a":0,"k":100},"w":{"a":0,"k":8},"lc":2,"lj":2,"bm":0,"nm":"Stroke 1","hd":false},{"ty":"tr","p":{"a":0,"k":[0,0]},"a":{"a":0,"k":[0,0]},"s":{"a":0,"k":[100,100]},"r":{"a":0,"k":0},"o":{"a":0,"k":100},"sk":{"a":0,"k":0},"sa":{"a":0,"k":0},"nm":"Transform"}],"nm":"Group 1","bm":0,"hd":false},{"ty":"gr","it":[{"ind":0,"ty":"sh","ks":{"a":1,"k":[{"i":{"x":0.833,"y":0.833},"o":{"x":0.167,"y":0.167},"t":34,"s":[{"i":[[0,0],[49.269,12.206],[60.754,0],[21.921,-29.994],[-2.665,-20.155],[0,-32.463],[-70.386,0],[0,0]],"o":[[-1.012,-41.866],[-4.549,-65.607],[-37.795,0],[-75.206,-20.055],[-55.568,7.707],[0,61.264],[0,0],[117.599,-5.729]],"v":[[779.72,51.157],[693.13,-46.022],[576.051,-154.236],[482.521,-106.997],[383.289,-36.2],[305.405,51.189],[416.334,162.117],[668.852,162.117]],"c":true}]},{"t":44,"s":[{"i":[[0,0],[-6.23,25.464],[59.812,-10.654],[28.08,-9.044],[-2.665,-20.155],[0,-32.463],[-70.386,0],[0,0]],"o":[[-1.012,-41.866],[4.16,-42.609],[17.667,-62.708],[-45.946,3.607],[-0.285,11.725],[0,61.264],[0,0],[69.744,-21.54]],"v":[[728.421,4.169],[723.649,-171.926],[507.22,-146.706],[358.495,-160.611],[326.146,-73.248],[330.081,62.032],[375.425,213.322],[684.364,140.74]],"c":true}]}]},"nm":"Path 1","hd":false},{"ty":"st","c":{"a":1,"k":[{"i":{"x":[0.833],"y":[1.264]},"o":{"x":[0.3],"y":[0]},"t":28,"s":[0.639215707779,0.686274528503,0.698039233685,1]},{"t":44,"s":[0.435294151306,0.501960813999,0.529411792755,1]}]},"o":{"a":0,"k":100},"w":{"a":0,"k":8},"lc":2,"lj":2,"bm":0,"nm":"Stroke 1","hd":false},{"ty":"tr","p":{"a":0,"k":[0,0]},"a":{"a":0,"k":[0,0]},"s":{"a":0,"k":[100,100]},"r":{"a":0,"k":0},"o":{"a":0,"k":100},"sk":{"a":0,"k":0},"sa":{"a":0,"k":0},"nm":"Transform"}],"nm":"Group 2","bm":0,"hd":false},{"ty":"gr","it":[{"ind":0,"ty":"sh","ks":{"a":1,"k":[{"i":{"x":0.833,"y":0.833},"o":{"x":0.167,"y":0.167},"t":34,"s":[{"i":[[-0.225,-0.075],[-6.874,-4.396]],"o":[[8.616,2.864],[6.002,3.838]],"v":[[483.651,-106.563],[503.574,-96.716]],"c":false}]},{"t":44,"s":[{"i":[[-0.225,-0.075],[-6.874,-4.396]],"o":[[8.616,2.864],[6.002,3.838]],"v":[[359.625,-160.178],[382.795,-163.583]],"c":false}]}]},"nm":"Path 1","hd":false},{"ty":"st","c":{"a":1,"k":[{"i":{"x":[0.833],"y":[1]},"o":{"x":[0.3],"y":[0]},"t":28,"s":[0.827450990677,0.854901969433,0.866666674614,1]},{"t":44,"s":[0.827450990677,0.854901969433,0.866666674614,1]}]},"o":{"a":0,"k":100},"w":{"a":0,"k":8},"lc":2,"lj":2,"bm":0,"nm":"Stroke 1","hd":false},{"ty":"tr","p":{"a":0,"k":[0,0]},"a":{"a":0,"k":[0,0]},"s":{"a":0,"k":[100,100]},"r":{"a":0,"k":0},"o":{"a":0,"k":100},"sk":{"a":0,"k":0},"sa":{"a":0,"k":0},"nm":"Transform"}],"nm":"Group 3","bm":0,"hd":false},{"ty":"gr","it":[{"ind":0,"ty":"sh","ks":{"a":1,"k":[{"i":{"x":0.833,"y":0.833},"o":{"x":0.167,"y":0.167},"t":34,"s":[{"i":[[-0.234,0.038],[-18.034,-3.661]],"o":[[8.961,-1.459],[52.546,10.667]],"v":[[384.599,-36.421],[423.78,-34.661]],"c":false}]},{"t":44,"s":[{"i":[[-0.234,0.038],[0.458,-11.801]],"o":[[8.961,-1.459],[-2.08,53.578]],"v":[[327.456,-73.469],[328.325,-26.83]],"c":false}]}]},"nm":"Path 1","hd":false},{"ty":"st","c":{"a":1,"k":[{"i":{"x":[0.833],"y":[1]},"o":{"x":[0.3],"y":[0]},"t":28,"s":[0.827450990677,0.854901969433,0.866666674614,1]},{"t":44,"s":[0.827450990677,0.854901969433,0.866666674614,1]}]},"o":{"a":0,"k":100},"w":{"a":0,"k":8},"lc":2,"lj":2,"bm":0,"nm":"Stroke 1","hd":false},{"ty":"tr","p":{"a":0,"k":[0,0]},"a":{"a":0,"k":[0,0]},"s":{"a":0,"k":[100,100]},"r":{"a":0,"k":0},"o":{"a":0,"k":100},"sk":{"a":0,"k":0},"sa":{"a":0,"k":0},"nm":"Transform"}],"nm":"Group 4","bm":0,"hd":false},{"ty":"gr","it":[{"ind":0,"ty":"sh","ks":{"a":1,"k":[{"i":{"x":0.833,"y":0.833},"o":{"x":0.167,"y":0.167},"t":34,"s":[{"i":[[2.368,0.397],[21.344,-26.886],[13.594,0],[13.249,-9.913]],"o":[[-64.234,-10.757],[-11.186,-6.021],[-17.82,0],[-19.352,14.479]],"v":[[693.145,-45.858],[572.342,-5.499],[534.771,-14.942],[487.253,0.842]],"c":false}]},{"t":44,"s":[{"i":[[2.368,0.397],[44.753,-13.855],[13.593,-0.09],[12.796,6.762]],"o":[[-64.234,-10.757],[-12.066,1.958],[5.538,-21.882],[-21.369,-11.293]],"v":[[717.82,-181.4],[553.186,-155.65],[506.524,-146.719],[487.903,-178.827]],"c":false}]}]},"nm":"Path 1","hd":false},{"ty":"st","c":{"a":1,"k":[{"i":{"x":[0.833],"y":[1]},"o":{"x":[0.3],"y":[0]},"t":28,"s":[0.827450990677,0.854901969433,0.866666674614,1]},{"t":44,"s":[0.827450990677,0.854901969433,0.866666674614,1]}]},"o":{"a":0,"k":100},"w":{"a":0,"k":8},"lc":2,"lj":2,"bm":0,"nm":"Stroke 1","hd":false},{"ty":"tr","p":{"a":0,"k":[0,0]},"a":{"a":0,"k":[0,0]},"s":{"a":0,"k":[100,100]},"r":{"a":0,"k":0},"o":{"a":0,"k":100},"sk":{"a":0,"k":0},"sa":{"a":0,"k":0},"nm":"Transform"}],"nm":"Group 5","bm":0,"hd":false},{"ty":"gr","it":[{"ind":0,"ty":"sh","ks":{"a":1,"k":[{"i":{"x":0.833,"y":0.833},"o":{"x":0.167,"y":0.167},"t":34,"s":[{"i":[[0,0],[-51.525,0],[0,0],[-7.913,68.397],[87.853,0.399],[20.141,-0.399]],"o":[[6.793,67.853],[0,0],[54.286,0],[9.188,23.804],[-176.36,-0.801],[-112.74,-24.852]],"v":[[306.234,30.359],[421.083,126.123],[656.39,126.123],[778.313,27.384],[682.02,162.117],[396.193,162.516]],"c":true}]},{"t":44,"s":[{"i":[[0,0],[-51.525,0],[0,0],[-7.913,68.397],[54.809,-11.165],[20.141,-0.399]],"o":[[6.793,67.853],[0,0],[48.184,-10.485],[9.188,23.804],[-156.98,31.978],[-51.176,-17.412]],"v":[[330.909,41.202],[367.836,194.798],[684.156,119.12],[727.015,-19.604],[696.052,138.197],[355.284,213.721]],"c":true}]}]},"nm":"Path 1","hd":false},{"ty":"gf","o":{"a":0,"k":100},"r":1,"bm":0,"g":{"p":3,"k":{"a":1,"k":[{"i":{"x":0.833,"y":0.833},"o":{"x":0.3,"y":0},"t":28,"s":[0,0.82,0.847,0.859,0.5,0.898,0.914,0.92,1,0.976,0.98,0.98]},{"t":44,"s":[0,0.757,0.799,0.817,0.5,0.752,0.794,0.803,1,0.747,0.788,0.788]}]}},"s":{"a":0,"k":[542,156]},"e":{"a":0,"k":[542,59.132]},"t":1,"nm":"Gradient Fill 1","hd":false},{"ty":"tr","p":{"a":0,"k":[0,0]},"a":{"a":0,"k":[0,0]},"s":{"a":0,"k":[100,100]},"r":{"a":0,"k":0},"o":{"a":0,"k":100},"sk":{"a":0,"k":0},"sa":{"a":0,"k":0},"nm":"Transform"}],"nm":"Group 6","bm":0,"hd":false},{"ty":"gr","it":[{"ind":0,"ty":"sh","ks":{"a":1,"k":[{"i":{"x":0.833,"y":0.833},"o":{"x":0.167,"y":0.167},"t":34,"s":[{"i":[[48.357,12.143],[59.705,0],[20.729,-26.08],[0.681,-37.993],[0,-44.144],[-51.792,0],[-37.259,0],[4.618,70.534]],"o":[[-4.468,-56.35],[-36.757,0],[-53.3,-18.487],[-43.519,7.818],[0,49.837],[29.122,0],[62.156,0],[-2.863,-43.73]],"v":[[686.021,-35.93],[574.916,-136.665],[484.763,-91.758],[391.958,-28.531],[311.489,60.147],[406.527,161.773],[668.852,162.117],[773.705,54.272]],"c":true}]},{"t":44,"s":[{"i":[[3.476,19.89],[60.685,-7.388],[28.761,-4.101],[-1.162,-30.883],[0,-44.144],[-51.792,0],[-33.071,7.196],[4.618,70.534]],"o":[[-4.468,-56.35],[11.659,-68.833],[-39.421,8.248],[-2.786,21.225],[0,49.837],[29.122,0],[55.17,-12.005],[-2.863,-43.73]],"v":[[716.541,-161.834],[508.033,-145.4],[358.139,-158.023],[327.673,-64.675],[336.165,70.991],[365.617,212.978],[684.364,140.74],[722.406,7.284]],"c":true}]}]},"nm":"Path 1","hd":false},{"ty":"fl","c":{"a":1,"k":[{"i":{"x":[0.833],"y":[1.264]},"o":{"x":[0.3],"y":[0]},"t":28,"s":[0.949019610882,0.952941179276,0.956862747669,1]},{"t":44,"s":[0.784313797951,0.807843208313,0.8156863451,1]}]},"o":{"a":0,"k":100},"r":1,"bm":0,"nm":"Fill 1","hd":false},{"ty":"tr","p":{"a":0,"k":[0,0]},"a":{"a":0,"k":[0,0]},"s":{"a":0,"k":[100,100]},"r":{"a":0,"k":0},"o":{"a":0,"k":100},"sk":{"a":0,"k":0},"sa":{"a":0,"k":0},"nm":"Transform"}],"nm":"Group 7","bm":0,"hd":false},{"ty":"gr","it":[{"ind":0,"ty":"sh","ks":{"a":1,"k":[{"i":{"x":0.833,"y":0.833},"o":{"x":0.167,"y":0.167},"t":34,"s":[{"i":[[50.062,13.064],[61.811,0],[21.46,-28.059],[0.705,-40.876],[0,-47.493],[-53.618,0],[-38.573,0],[4.781,75.885]],"o":[[-4.626,-60.626],[-38.053,0],[-55.18,-19.89],[-45.054,8.411],[0,53.618],[30.149,0],[64.348,0],[-2.964,-47.048]],"v":[[693.145,-45.858],[576.051,-154.236],[482.719,-108.074],[384.571,-37.897],[305.405,57.509],[406.527,161.773],[658.076,162.516],[779.78,51.189]],"c":true}]},{"t":44,"s":[{"i":[[-1.375,21.986],[61.811,0],[30.805,-4.955],[0.705,-40.876],[0,-47.494],[-53.618,0],[-34.238,7.45],[4.781,75.885]],"o":[[1.222,-41.87],[9.875,-59.395],[-44.52,7.093],[-14.23,8.603],[0,53.618],[30.149,0],[57.116,-12.428],[-2.964,-47.049]],"v":[[723.664,-171.761],[507.22,-146.706],[358.693,-161.688],[327.428,-74.945],[330.081,68.353],[365.617,212.978],[674.884,143.211],[728.481,4.201]],"c":true}]}]},"nm":"Path 1","hd":false},{"ty":"fl","c":{"a":1,"k":[{"i":{"x":[0.833],"y":[1.289]},"o":{"x":[0.3],"y":[0]},"t":28,"s":[1,1,1,1]},{"t":44,"s":[0.956862807274,0.956862807274,0.956862807274,1]}]},"o":{"a":0,"k":100},"r":1,"bm":0,"nm":"Fill 1","hd":false},{"ty":"tr","p":{"a":0,"k":[0,0]},"a":{"a":0,"k":[0,0]},"s":{"a":0,"k":[100,100]},"r":{"a":0,"k":0},"o":{"a":0,"k":100},"sk":{"a":0,"k":0},"sa":{"a":0,"k":0},"nm":"Transform"}],"nm":"Group 8","bm":0,"hd":false}],"ip":1,"op":40,"st":4,"bm":0},{"ddd":0,"ind":4,"ty":4,"nm":"Front","parent":1,"sr":1,"ks":{"p":{"a":0,"k":[11.432,25.43,0]},"a":{"a":0,"k":[12.034,21.506,0]},"s":{"a":0,"k":[95,95,100]}},"ao":0,"shapes":[{"ty":"gr","it":[{"ind":0,"ty":"sh","ks":{"a":1,"k":[{"i":{"x":0.833,"y":0.833},"o":{"x":0.167,"y":0.167},"t":40,"s":[{"i":[[10.625,-2.684],[0,0],[0,0],[8.49,29.908],[-19.794,28.894],[-11.079,2.54],[0,0],[0,0],[-12.134,-2.748],[-11.385,-22.649],[25.133,-52.56]],"o":[[0,0],[0,0],[-7.533,-8.078],[-18.778,-66.154],[14.299,-20.873],[0,0],[0,0],[0,0],[12.134,2.748],[11.385,22.649],[-14.302,29.91]],"v":[[140.554,101.685],[-125.239,138.569],[-171.941,135.418],[-192.801,97.178],[-181.142,-47.05],[-138.251,-114.928],[-42.116,-132.839],[-41.321,-133.022],[125.76,-129.618],[157.562,-98.993],[175.92,73.584]],"c":true}]},{"i":{"x":0.8,"y":1},"o":{"x":0.6,"y":0},"t":44,"s":[{"i":[[8.408,-2.927],[0,0],[0,0],[-0.216,7.674],[15.381,55.342],[-8.767,2.77],[0,0],[0,0],[0,0],[-4.92,-12.469],[11.471,-47.46]],"o":[[0,0],[0,0],[9.357,-2.94],[0,0],[-6.192,-22.28],[0,0],[0,0],[0,0],[10.391,-2.316],[13.487,34.183],[-1.589,6.575]],"v":[[115.034,97.65],[-97.795,171.741],[-116.842,177.488],[-103.733,129.949],[-116.433,-74.269],[-101.235,-100.08],[-68.475,-110.43],[-67.846,-110.629],[114.346,-168.452],[136.25,-152.057],[130.108,72.744]],"c":true}]},{"i":{"x":0.4,"y":1},"o":{"x":0.2,"y":0},"t":56,"s":[{"i":[[11.163,-2.62],[0,0],[0,0],[-0.287,6.868],[-20.553,67.931],[-11.64,2.479],[0,0],[0,0],[0,0],[2.359,-8.529],[7.341,-58.786]],"o":[[0,0],[0,0],[12.423,-2.631],[0,0],[3.993,-13.196],[0,0],[0,0],[0,0],[7.521,-1.602],[-17.115,69.365],[-1.491,11.939]],"v":[[148.172,106.079],[-134.388,172.389],[-159.677,177.533],[-143.991,134.044],[-116.289,-31.086],[-95.322,-53.923],[-51.829,-63.186],[-50.993,-63.364],[197.53,-116.293],[211.851,-101.994],[169.502,78.262]],"c":true}]},{"i":{"x":0.4,"y":1},"o":{"x":0.3,"y":0},"t":67,"s":[{"i":[[10.625,-2.684],[0,0],[0,0],[-0.273,7.036],[0,0],[-11.079,2.54],[0,0],[0,0],[0,0],[0.492,-7.328],[0,0]],"o":[[0,0],[0,0],[11.824,-2.696],[0,0],[0.204,-11.365],[0,0],[0,0],[0,0],[7.158,-1.641],[0,0],[-0.734,10.935]],"v":[[142.134,104.316],[-126.818,172.253],[-150.888,177.523],[-139.643,132.967],[-141.142,-50.208],[-121.935,-73.875],[-80.537,-83.366],[-79.742,-83.548],[156.813,-137.776],[170.194,-126.362],[161.183,81.479]],"c":true}]},{"t":90,"s":[{"i":[[10.625,-2.684],[0,0],[0,0],[-0.273,7.036],[0,0],[-11.079,2.54],[0,0],[0,0],[0,0],[0.492,-7.328],[0,0]],"o":[[0,0],[0,0],[11.824,-2.696],[0,0],[0.204,-11.365],[0,0],[0,0],[0,0],[7.158,-1.641],[0,0],[-0.734,10.935]],"v":[[142.134,104.316],[-126.818,172.253],[-150.888,177.523],[-139.643,132.967],[-136.405,-47.05],[-117.198,-70.718],[-75.8,-80.208],[-75.005,-80.39],[161.55,-134.618],[174.931,-123.204],[161.183,81.479]],"c":true}]}]},"nm":"Path 1","hd":false},{"ty":"st","c":{"a":0,"k":[0.435294121504,0.501960813999,0.529411792755,1]},"o":{"a":0,"k":100},"w":{"a":0,"k":8},"lc":2,"lj":2,"bm":0,"nm":"Stroke 1","hd":false},{"ty":"tr","p":{"a":0,"k":[0,0]},"a":{"a":0,"k":[0,0]},"s":{"a":0,"k":[100,100]},"r":{"a":0,"k":0},"o":{"a":0,"k":100},"sk":{"a":0,"k":0},"sa":{"a":0,"k":0},"nm":"Transform"}],"nm":"Group 1","bm":0,"hd":false},{"ty":"gr","it":[{"ind":0,"ty":"sh","ks":{"a":1,"k":[{"i":{"x":0.833,"y":0.833},"o":{"x":0.167,"y":0.167},"t":40,"s":[{"i":[[0,0],[4.881,-2.918],[0,0],[-0.703,10.461],[0,0]],"o":[[-0.524,9.919],[0,0],[10.165,-2.568],[0,0],[0,0]],"v":[[-174.061,122.06],[-144.314,143.175],[140.551,106.76],[169.303,82.806],[169.692,79.872]],"c":true}]},{"i":{"x":0.8,"y":1},"o":{"x":0.6,"y":0},"t":44,"s":[{"i":[[0,0],[3.863,-3.182],[0,0],[-0.556,11.409],[0,0]],"o":[[-0.415,10.817],[0,0],[8.044,-2.8],[0,0],[0,0]],"v":[[-107.275,154.885],[-113.306,177.912],[113.782,100.315],[128.204,76.487],[128.512,73.288]],"c":true}]},{"i":{"x":0.4,"y":1},"o":{"x":0.2,"y":0},"t":56,"s":[{"i":[[0,0],[5.128,-2.848],[0,0],[-0.738,10.21],[0,0]],"o":[[-0.551,9.681],[0,0],[10.68,-2.506],[0,0],[0,0]],"v":[[-146.974,157.303],[-154.981,177.912],[146.51,108.464],[165.657,87.139],[166.066,84.276]],"c":true}]},{"i":{"x":0.4,"y":1},"o":{"x":0.3,"y":0},"t":67,"s":[{"i":[[0,0],[4.881,-2.918],[0,0],[-0.703,10.461],[0,0]],"o":[[-0.524,9.919],[0,0],[10.165,-2.568],[0,0],[0,0]],"v":[[-138.798,156.797],[-146.419,177.912],[140.552,106.76],[158.776,84.911],[159.166,81.978]],"c":true}]},{"t":90,"s":[{"i":[[0,0],[4.881,-2.918],[0,0],[-0.703,10.461],[0,0]],"o":[[-0.524,9.919],[0,0],[10.165,-2.568],[0,0],[0,0]],"v":[[-138.798,156.797],[-146.419,177.912],[140.552,106.76],[158.776,84.911],[159.166,81.978]],"c":true}]}]},"nm":"Path 1","hd":false},{"ty":"gf","o":{"a":0,"k":40},"r":1,"bm":0,"g":{"p":3,"k":{"a":0,"k":[0,0.627,0.694,0.729,0.7,0.627,0.694,0.729,1,0.627,0.694,0.729,0,1,0.7,0.5,1,0]}},"s":{"a":0,"k":[3,119]},"e":{"a":0,"k":[5.739,130.083]},"t":1,"nm":"Gradient Fill 1","hd":false},{"ty":"tr","p":{"a":0,"k":[0,0]},"a":{"a":0,"k":[0,0]},"s":{"a":0,"k":[100,100]},"r":{"a":0,"k":0},"o":{"a":0,"k":100},"sk":{"a":0,"k":0},"sa":{"a":0,"k":0},"nm":"Transform"}],"nm":"Group 2","bm":0,"hd":false},{"ty":"gr","it":[{"ind":0,"ty":"sh","ks":{"a":1,"k":[{"i":{"x":0.833,"y":0.833},"o":{"x":0.167,"y":0.167},"t":40,"s":[{"i":[[10.165,-2.568],[0,0],[18.65,37.533],[0,0],[-10.6,2.43],[0,0],[0,0],[0,0],[-12.488,-22.152],[0,0]],"o":[[0,0],[4.991,-2.983],[-38.858,-78.2],[0.196,-10.873],[0,0],[0,0],[0,0],[6.848,-1.57],[61.756,109.544],[-0.703,10.461]],"v":[[140.551,105.463],[-136.693,140.097],[-186.406,106.593],[-184.776,-38.533],[-131.472,-105.245],[-41.537,-121.813],[-40.464,-122.061],[137.051,-118.893],[158.244,-94.836],[169.302,81.509]],"c":true}]},{"i":{"x":0.8,"y":1},"o":{"x":0.6,"y":0},"t":44,"s":[{"i":[[8.044,-2.8],[0,0],[-0.363,10.945],[0,0],[-8.388,2.65],[0,0],[0,0],[0,0],[-2.822,-9.654],[3.902,-22.421]],"o":[[0,0],[3.95,-3.254],[0,0],[0.155,-11.857],[0,0],[0,0],[0,0],[5.419,-1.712],[12.441,41.135],[-2.613,15.014]],"v":[[113.782,98.901],[-107.275,174.554],[-101.217,146.626],[-108.897,-68.998],[-98.239,-88.731],[-68.018,-98.404],[-67.958,-98.675],[116.003,-158.359],[129.664,-145.325],[125.046,66.652]],"c":true}]},{"i":{"x":0.4,"y":1},"o":{"x":0.2,"y":0},"t":56,"s":[{"i":[[10.68,-2.506],[0,0],[-0.482,9.796],[-12.4,30.056],[-11.136,2.372],[0,0],[0,0],[0,0],[0.495,-6.842],[0,0]],"o":[[0,0],[5.244,-2.912],[0,0],[4.994,-12.106],[0,0],[0,0],[0,0],[7.195,-1.532],[0,0],[-0.738,10.21]],"v":[[146.51,107.198],[-146.974,174.907],[-138.931,149.912],[-106.547,-25.316],[-88.2,-44.473],[-51.221,-52.424],[-50.094,-52.666],[198.334,-106.082],[208.434,-94.416],[165.657,85.873]],"c":true}]},{"i":{"x":0.4,"y":1},"o":{"x":0.3,"y":0},"t":67,"s":[{"i":[[10.165,-2.568],[0,0],[-0.458,10.036],[0,0],[-10.599,2.43],[0,0],[0,0],[0,0],[0.471,-7.01],[0,0]],"o":[[0,0],[4.991,-2.983],[0,0],[0.196,-10.873],[0,0],[0,0],[0,0],[6.848,-1.57],[0,0],[-0.703,10.461]],"v":[[140.552,105.463],[-138.798,174.833],[-131.142,149.224],[-131.618,-45.375],[-115.156,-64.193],[-79.959,-72.339],[-78.885,-72.587],[157.578,-127.314],[167.192,-115.362],[158.776,83.614]],"c":true}]},{"t":90,"s":[{"i":[[10.165,-2.568],[0,0],[-0.458,10.036],[0,0],[-10.599,2.43],[0,0],[0,0],[0,0],[0.471,-7.01],[0,0]],"o":[[0,0],[4.991,-2.983],[0,0],[0.196,-10.873],[0,0],[0,0],[0,0],[6.848,-1.57],[0,0],[-0.703,10.461]],"v":[[140.552,105.463],[-138.798,174.833],[-131.142,149.224],[-126.881,-42.217],[-110.419,-61.035],[-75.222,-69.181],[-74.149,-69.429],[162.314,-124.157],[171.928,-112.204],[158.776,83.614]],"c":true}]}]},"nm":"Path 1","hd":false},{"ty":"gf","o":{"a":0,"k":100},"r":1,"bm":0,"g":{"p":3,"k":{"a":0,"k":[0,0.922,0.929,0.929,0.5,0.849,0.865,0.869,1,0.776,0.8,0.808]}},"s":{"a":0,"k":[16,116]},"e":{"a":0,"k":[16,-84.112]},"t":1,"nm":"Gradient Fill 1","hd":false},{"ty":"tr","p":{"a":0,"k":[0,0]},"a":{"a":0,"k":[0,0]},"s":{"a":0,"k":[100,100]},"r":{"a":0,"k":0},"o":{"a":0,"k":100},"sk":{"a":0,"k":0},"sa":{"a":0,"k":0},"nm":"Transform"}],"nm":"Group 3","bm":0,"hd":false},{"ty":"gr","it":[{"ind":0,"ty":"sh","ks":{"a":1,"k":[{"i":{"x":0.833,"y":0.833},"o":{"x":0.167,"y":0.167},"t":40,"s":[{"i":[[10.625,-2.684],[22.299,1.437],[-49.911,104.39],[-11.079,2.54],[0,0],[0,0],[0,0],[0.492,-7.328],[19.343,-74.665]],"o":[[0,0],[-39.685,-2.557],[11.142,-23.505],[0,0],[0,0],[0,0],[7.158,-1.641],[0,0],[-11.242,43.396]],"v":[[142.134,104.316],[-146.631,139.897],[-183.773,-43.366],[-138.251,-114.928],[-25.892,-136.559],[-23.468,-137.114],[136.287,-129.355],[149.668,-117.941],[180.657,61.478]],"c":true}]},{"i":{"x":0.8,"y":1},"o":{"x":0.6,"y":0},"t":44,"s":[{"i":[[8.408,-2.927],[0,0],[19.065,80.605],[-8.767,2.77],[0,0],[0,0],[0,0],[-4.125,-18.685],[0,0]],"o":[[0,0],[0,0],[-5.146,-16.763],[0,0],[0,0],[0,0],[5.665,-1.79],[15.855,71.815],[-0.581,11.925]],"v":[[115.034,97.65],[-109.308,175.485],[-116.433,-74.269],[-101.235,-100.08],[-55.637,-114.486],[-53.719,-115.092],[119.346,-169.768],[138.092,-146.794],[130.108,72.744]],"c":true}]},{"i":{"x":0.4,"y":1},"o":{"x":0.2,"y":0},"t":56,"s":[{"i":[[11.163,-2.62],[0,0],[0,0],[-11.64,2.479],[0,0],[0,0],[0,0],[0.517,-7.152],[0,0]],"o":[[0,0],[0,0],[0.215,-11.093],[0,0],[0,0],[0,0],[7.521,-1.602],[0,0],[-0.772,10.673]],"v":[[148.172,106.079],[-149.674,175.74],[-115.5,-30.823],[-95.322,-53.923],[-34.784,-66.816],[-32.238,-67.359],[197.53,-116.293],[211.588,-105.152],[168.186,83.789]],"c":true}]},{"i":{"x":0.4,"y":1},"o":{"x":0.3,"y":0},"t":67,"s":[{"i":[[10.625,-2.684],[0,0],[0,0],[-11.079,2.54],[0,0],[0,0],[0,0],[0.492,-7.328],[0,0]],"o":[[0,0],[0,0],[0.204,-11.365],[0,0],[0,0],[0,0],[7.158,-1.641],[0,0],[-0.734,10.935]],"v":[[142.134,104.316],[-141.367,175.687],[-141.142,-50.208],[-121.935,-73.875],[-64.313,-87.085],[-61.889,-87.64],[156.813,-137.776],[170.194,-126.362],[161.183,81.479]],"c":true}]},{"t":90,"s":[{"i":[[10.625,-2.684],[0,0],[0,0],[-11.079,2.54],[0,0],[0,0],[0,0],[0.492,-7.328],[0,0]],"o":[[0,0],[0,0],[0.204,-11.365],[0,0],[0,0],[0,0],[7.158,-1.641],[0,0],[-0.734,10.935]],"v":[[142.134,104.316],[-141.367,175.687],[-136.405,-47.05],[-117.198,-70.718],[-59.576,-83.927],[-57.153,-84.483],[161.55,-134.618],[174.93,-123.204],[161.183,81.479]],"c":true}]}]},"nm":"Path 1","hd":false},{"ty":"fl","c":{"a":0,"k":[0.956862747669,0.956862747669,0.956862747669,1]},"o":{"a":0,"k":100},"r":1,"bm":0,"nm":"Fill 1","hd":false},{"ty":"tr","p":{"a":0,"k":[0,0]},"a":{"a":0,"k":[0,0]},"s":{"a":0,"k":[100,100]},"r":{"a":0,"k":0},"o":{"a":0,"k":100},"sk":{"a":0,"k":0},"sa":{"a":0,"k":0},"nm":"Transform"}],"nm":"Group 4","bm":0,"hd":false}],"ip":40,"op":194,"st":-53,"bm":0},{"ddd":0,"ind":5,"ty":4,"nm":"Shadow","parent":6,"sr":1,"ks":{"p":{"a":0,"k":[-9.93,13.253,0]},"a":{"a":0,"k":[-8.757,15.465,0]}},"ao":0,"shapes":[{"ty":"gr","it":[{"ind":0,"ty":"sh","ks":{"a":1,"k":[{"i":{"x":0.833,"y":0.833},"o":{"x":0.167,"y":0.167},"t":40,"s":[{"i":[[10.123,-2.557],[0,16.093],[0,0],[-12.746,3.166],[0,0],[0.307,-5.139],[0,0]],"o":[[-12.246,2.892],[0,0],[-0.194,-13.188],[0,0],[18.326,-4.719],[-0.046,0.77],[-0.7,10.418]],"v":[[-142.941,124.143],[-163.698,93.208],[-150.65,-70.311],[-131.927,-95.052],[116.38,-108.822],[137.414,-87.303],[148.456,89.137]],"c":true}]},{"i":{"x":0.8,"y":1},"o":{"x":0.6,"y":0},"t":44,"s":[{"i":[[10.123,-2.557],[-1.695,15.865],[0,0],[-12.746,3.166],[0,0],[0.307,-5.139],[0,0]],"o":[[-14.967,1.285],[8.425,-113.951],[-1.965,-13.151],[0,0],[14.882,-3.567],[-0.046,0.77],[-0.7,10.418]],"v":[[-97.954,166.073],[-115.448,128.282],[-125.23,-71.184],[-110.243,-98.819],[93.115,-164.251],[109.52,-141.172],[120.248,90.617]],"c":true}]},{"i":{"x":0.4,"y":1},"o":{"x":0.2,"y":0},"t":56,"s":[{"i":[[10.123,-2.557],[0,16.093],[-18.13,55.85],[-12.857,3.167],[0,0],[0.307,-5.139],[0,0]],"o":[[-15.535,3.553],[0,0],[3.898,-12.008],[0,0],[14.882,-3.567],[-0.046,0.77],[-0.7,10.418]],"v":[[-129.533,173.895],[-155.448,135.124],[-136.564,-34.911],[-117.238,-64.261],[144.398,-119.773],[153.852,-100.897],[128.603,97.717]],"c":true}]},{"i":{"x":0.4,"y":1},"o":{"x":0.3,"y":0},"t":67,"s":[{"i":[[10.123,-2.557],[0,16.093],[0,0],[-12.746,3.166],[0,0],[0.307,-5.139],[0,0]],"o":[[-12.246,2.892],[0,0],[-0.194,-13.188],[0,0],[18.326,-4.719],[-0.046,0.77],[-0.7,10.418]],"v":[[-131.638,169.684],[-153.378,138.58],[-153.092,-58.237],[-134.369,-82.978],[119.344,-140.407],[136.938,-118.154],[126.341,93.544]],"c":true}]},{"t":90,"s":[{"i":[[10.123,-2.557],[0,16.093],[0,0],[-12.746,3.166],[0,0],[0.307,-5.139],[0,0]],"o":[[-12.246,2.892],[0,0],[-0.194,-13.188],[0,0],[18.326,-4.719],[-0.046,0.77],[-0.7,10.418]],"v":[[-131.638,169.684],[-152.395,138.749],[-152.125,-55.131],[-133.401,-79.872],[119.206,-137.713],[136.922,-115.215],[126.341,93.544]],"c":true}]}]},"nm":"Path 1","hd":false},{"ty":"fl","c":{"a":0,"k":[0.43137254902,0.525490196078,0.56862745098,1]},"o":{"a":0,"k":15},"r":1,"bm":0,"nm":"Fill 1","hd":false},{"ty":"tr","p":{"a":0,"k":[-2.105,-3.684]},"a":{"a":0,"k":[0,0]},"s":{"a":0,"k":[107.095,107.48]},"r":{"a":0,"k":0},"o":{"a":0,"k":100},"sk":{"a":0,"k":0},"sa":{"a":0,"k":0},"nm":"Transform"}],"nm":"Group 3","bm":0,"hd":false},{"ty":"gr","it":[{"ind":0,"ty":"sh","ks":{"a":1,"k":[{"i":{"x":0.833,"y":0.833},"o":{"x":0.167,"y":0.167},"t":40,"s":[{"i":[[10.123,-2.557],[0,16.093],[0,0],[-12.746,3.166],[0,0],[0.307,-5.139],[0,0]],"o":[[-12.246,2.892],[0,0],[-0.194,-13.188],[0,0],[18.326,-4.719],[-0.046,0.77],[-0.7,10.418]],"v":[[-143.362,122.278],[-164.119,91.343],[-150.596,-70.933],[-131.872,-95.674],[119.675,-109.178],[137.514,-86.18],[149.362,88.936]],"c":true}]},{"i":{"x":0.8,"y":1},"o":{"x":0.6,"y":0},"t":44,"s":[{"i":[[10.123,-2.557],[-1.695,15.865],[0,0],[-12.746,3.166],[0,0],[0.307,-5.139],[0,0]],"o":[[-15.535,3.553],[9.358,-118.609],[-1.965,-13.151],[0,0],[14.882,-3.567],[-0.046,0.77],[-0.7,10.418]],"v":[[-99.006,164.947],[-116.301,131.973],[-126.31,-72.779],[-111.296,-100.924],[96.113,-167.641],[108.467,-143.277],[123.218,91.789]],"c":true}]},{"i":{"x":0.4,"y":1},"o":{"x":0.2,"y":0},"t":56,"s":[{"i":[[10.123,-2.557],[0,16.093],[-19.395,65.56],[-12.857,3.167],[0,0],[0.307,-5.139],[0,0]],"o":[[-15.535,3.553],[0,0],[3.581,-12.106],[0,0],[14.882,-3.567],[-0.046,0.77],[-0.7,10.418]],"v":[[-130.585,171.79],[-155.791,138.05],[-138.762,-36.117],[-120.995,-64.517],[144.238,-122.433],[154.52,-103.408],[127.55,95.612]],"c":true}]},{"i":{"x":0.4,"y":1},"o":{"x":0.3,"y":0},"t":67,"s":[{"i":[[10.123,-2.557],[0,16.093],[0,0],[-12.746,3.166],[0,0],[0.307,-5.139],[0,0]],"o":[[-12.246,2.892],[0,0],[-0.194,-13.188],[0,0],[18.326,-4.719],[-0.046,0.77],[-0.7,10.418]],"v":[[-131.638,169.684],[-153.414,138.574],[-153.128,-58.364],[-134.405,-83.105],[122.75,-142.056],[137.021,-118.294],[126.423,93.524]],"c":true}]},{"t":90,"s":[{"i":[[10.123,-2.557],[0,16.093],[0,0],[-12.746,3.166],[0,0],[0.307,-5.139],[0,0]],"o":[[-12.246,2.892],[0,0],[-0.194,-13.188],[0,0],[18.326,-4.719],[-0.046,0.77],[-0.7,10.418]],"v":[[-131.638,169.684],[-152.395,138.749],[-152.125,-55.131],[-133.401,-79.872],[122.606,-139.253],[137.004,-115.235],[126.423,93.524]],"c":true}]}]},"nm":"Path 1","hd":false},{"ty":"fl","c":{"a":0,"k":[0.43137254902,0.525490196078,0.56862745098,1]},"o":{"a":0,"k":30},"r":1,"bm":0,"nm":"Fill 1","hd":false},{"ty":"tr","p":{"a":0,"k":[-1.053,-1.579]},"a":{"a":0,"k":[0,0]},"s":{"a":0,"k":[103.252,103.252]},"r":{"a":0,"k":0},"o":{"a":0,"k":100},"sk":{"a":0,"k":0},"sa":{"a":0,"k":0},"nm":"Transform"}],"nm":"Group 2","bm":0,"hd":false},{"ty":"gr","it":[{"ind":0,"ty":"sh","ks":{"a":1,"k":[{"i":{"x":0.833,"y":0.833},"o":{"x":0.167,"y":0.167},"t":40,"s":[{"i":[[10.123,-2.557],[0,16.093],[0,0],[-12.746,3.166],[0,0],[0.307,-5.139],[0,0]],"o":[[-15.535,3.553],[0,0],[-0.194,-13.188],[0,0],[14.882,-3.567],[-0.046,0.77],[-0.7,10.418]],"v":[[-143.743,120.737],[-164.5,89.801],[-150.546,-71.447],[-131.822,-96.188],[123.589,-109.269],[137.677,-89.33],[150.182,88.77]],"c":true}]},{"i":{"x":0.8,"y":1},"o":{"x":0.6,"y":0},"t":44,"s":[{"i":[[10.123,-2.557],[-1.695,15.865],[0,0],[-12.746,3.166],[0,0],[0.307,-5.139],[0,0]],"o":[[-15.535,3.553],[9.358,-118.609],[-1.965,-13.151],[0,0],[14.882,-3.567],[-0.046,0.77],[-0.7,10.418]],"v":[[-100.059,162.842],[-116.079,131.906],[-126.598,-75.394],[-112.349,-103.03],[96.221,-169.796],[107.415,-145.383],[126.498,93.507]],"c":true}]},{"i":{"x":0.4,"y":1},"o":{"x":0.2,"y":0},"t":56,"s":[{"i":[[10.123,-2.557],[0,16.093],[-16.164,61.057],[-12.857,3.167],[0,0],[0.307,-5.139],[0,0]],"o":[[-15.535,3.553],[0,0],[3.231,-12.204],[0,0],[14.882,-3.567],[-0.046,0.77],[-0.7,10.418]],"v":[[-131.638,169.684],[-156.079,138.749],[-139.999,-38.289],[-122.232,-65.924],[144.115,-123.217],[153.467,-105.646],[126.498,93.507]],"c":true}]},{"i":{"x":0.4,"y":1},"o":{"x":0.3,"y":0},"t":67,"s":[{"i":[[10.123,-2.557],[0,16.093],[0,0],[-12.746,3.166],[0,0],[0.307,-5.139],[0,0]],"o":[[-15.535,3.553],[0,0],[-0.194,-13.188],[0,0],[14.882,-3.567],[-0.046,0.77],[-0.7,10.418]],"v":[[-131.638,169.684],[-153.448,138.568],[-153.161,-58.47],[-134.437,-83.211],[126.764,-143.217],[137.168,-122.488],[126.498,93.507]],"c":true}]},{"t":90,"s":[{"i":[[10.123,-2.557],[0,16.093],[0,0],[-12.746,3.166],[0,0],[0.307,-5.139],[0,0]],"o":[[-15.535,3.553],[0,0],[-0.194,-13.188],[0,0],[14.882,-3.567],[-0.046,0.77],[-0.7,10.418]],"v":[[-131.638,169.684],[-152.395,138.749],[-152.125,-55.131],[-133.401,-79.872],[126.616,-140.322],[137.151,-119.33],[126.498,93.507]],"c":true}]}]},"nm":"Path 1","hd":false},{"ty":"fl","c":{"a":0,"k":[0.43137254902,0.525490196078,0.56862745098,1]},"o":{"a":0,"k":45},"r":1,"bm":0,"nm":"Fill 1","hd":false},{"ty":"tr","p":{"a":0,"k":[0,0.526]},"a":{"a":0,"k":[0,0]},"s":{"a":0,"k":[100,100]},"r":{"a":0,"k":0},"o":{"a":0,"k":100},"sk":{"a":0,"k":0},"sa":{"a":0,"k":0},"nm":"Transform"}],"nm":"Group 1","bm":0,"hd":false}],"ip":40,"op":169,"st":-24,"bm":0},{"ddd":0,"ind":6,"ty":4,"nm":"Back","parent":1,"sr":1,"ks":{"p":{"a":0,"k":[-13.837,5.111,0]},"a":{"a":0,"k":[-14.565,0.116,0]},"s":{"a":0,"k":[95,95,100]}},"ao":0,"shapes":[{"ty":"gr","it":[{"ind":0,"ty":"sh","ks":{"a":1,"k":[{"i":{"x":0.833,"y":0.833},"o":{"x":0.167,"y":0.167},"t":40,"s":[{"i":[[64.806,-92.799],[0,0],[9.729,44.965],[0,0],[-10.861,2.36],[0,0],[-0.165,-7.303],[0,0],[-5.276,1.254],[0,0],[0.381,-6.796]],"o":[[-13.352,14.307],[-17.034,3.533],[-15.299,-70.708],[-0.047,-11.114],[0,0],[7.138,-1.551],[0,0],[0.107,5.422],[0,0],[6.622,-1.574],[0,0]],"v":[[160.457,96.981],[-157.04,134.892],[-196.543,78.311],[-171.272,-92.318],[-152.727,-115.427],[-22.138,-150.743],[-8.052,-139.65],[-4.652,-140.066],[5.817,-131.961],[133.293,-129.447],[145.805,-118.979]],"c":true}]},{"i":{"x":0.8,"y":1},"o":{"x":0.6,"y":0},"t":44,"s":[{"i":[[0,0],[0,0],[-8.179,52.032],[0,0],[-8.423,2.481],[0,0],[-1.763,-7.473],[0,0],[-4.091,1.318],[0,0],[0.295,-7.144]],"o":[[0,0],[-13.209,3.714],[12.311,-78.317],[-0.037,-11.683],[0,0],[5.06,-2.774],[0,0],[0.083,5.7],[0,0],[5.135,-1.655],[0,0]],"v":[[97.933,103.188],[-118.487,177.342],[-136.522,110.969],[-150.49,-138.512],[-136.108,-162.804],[-56.792,-185.188],[-43.632,-176.126],[-38.421,-163.809],[-30.302,-155.288],[100.132,-195.693],[109.835,-184.689]],"c":true}]},{"i":{"x":0.4,"y":1},"o":{"x":0.2,"y":0},"t":56,"s":[{"i":[[0,0],[0,0],[4.819,22.715],[-12.286,50.557],[-11.724,2.278],[0,0],[-0.179,-7.047],[0,0],[-5.695,1.21],[0,0],[-3.688,-9.541]],"o":[[0,0],[-18.387,3.409],[-10.256,-48.345],[4.6,-18.928],[0,0],[7.705,-1.497],[0,0],[0.116,5.232],[0,0],[7.148,-1.519],[11.99,31.014]],"v":[[141.969,109.574],[-159.284,177.647],[-190.27,122.558],[-191.398,-114.238],[-167.695,-136.538],[-47.182,-159.953],[-31.977,-149.248],[-31.716,-137.46],[-20.415,-129.638],[145.031,-164.797],[161.958,-154.169]],"c":true}]},{"i":{"x":0.4,"y":1},"o":{"x":0.3,"y":0},"t":67,"s":[{"i":[[0,0],[0,0],[-1.045,36.214],[0,0],[-10.861,2.36],[0,0],[-0.165,-7.303],[0,0],[-5.276,1.254],[0,0],[0.381,-6.796]],"o":[[0,0],[-17.034,3.533],[0,0],[-0.047,-11.114],[0,0],[7.138,-1.551],[0,0],[0.107,5.422],[0,0],[6.622,-1.574],[0,0]],"v":[[130.457,106.981],[-148.619,177.523],[-173.911,119.89],[-174.956,-124.95],[-156.411,-148.058],[-44.769,-172.322],[-30.683,-161.229],[-30.442,-149.014],[-19.972,-140.908],[133.294,-177.342],[145.805,-166.874]],"c":true}]},{"t":90,"s":[{"i":[[0,0],[0,0],[-1.045,36.214],[0,0],[-10.861,2.36],[0,0],[-0.165,-7.303],[0,0],[-5.276,1.254],[0,0],[0.381,-6.796]],"o":[[0,0],[-17.034,3.533],[0,0],[-0.047,-11.114],[0,0],[7.138,-1.551],[0,0],[0.107,5.422],[0,0],[6.622,-1.574],[0,0]],"v":[[130.457,106.981],[-148.619,177.523],[-173.911,119.89],[-174.956,-124.95],[-156.411,-148.058],[-44.769,-172.322],[-30.683,-161.229],[-30.442,-149.014],[-19.972,-140.908],[133.294,-177.342],[145.805,-166.874]],"c":true}]}]},"nm":"Path 1","hd":false},{"ty":"st","c":{"a":0,"k":[0.435294121504,0.501960813999,0.529411792755,1]},"o":{"a":0,"k":100},"w":{"a":0,"k":8},"lc":2,"lj":2,"bm":0,"nm":"Stroke 1","hd":false},{"ty":"tr","p":{"a":0,"k":[0,0]},"a":{"a":0,"k":[0,0]},"s":{"a":0,"k":[100,100]},"r":{"a":0,"k":0},"o":{"a":0,"k":100},"sk":{"a":0,"k":0},"sa":{"a":0,"k":0},"nm":"Transform"}],"nm":"Group 1","bm":0,"hd":false},{"ty":"gr","it":[{"ind":0,"ty":"sh","ks":{"a":1,"k":[{"i":{"x":0.833,"y":0.833},"o":{"x":0.167,"y":0.167},"t":40,"s":[{"i":[[62.752,-94.229],[0,0],[18.213,47.179],[0,0],[-10.861,2.36],[0,0],[-0.166,-7.303],[0,0],[-5.276,1.254],[0,0],[0.381,-6.796]],"o":[[-23.564,13.14],[-9.521,1.836],[-30.3,-78.489],[-0.047,-11.114],[0,0],[7.138,-1.551],[0,0],[0.107,5.422],[0,0],[6.622,-1.574],[0,0]],"v":[[160.406,97.884],[-149.789,133.055],[-193.647,94.514],[-171.279,-86.193],[-148.711,-106.241],[-22.138,-140.52],[-4.894,-141.346],[-4.652,-129.13],[5.482,-121.773],[134.751,-119.801],[145.804,-108.043]],"c":true}]},{"i":{"x":0.8,"y":1},"o":{"x":0.6,"y":0},"t":44,"s":[{"i":[[0,0],[0,0],[-4.032,30.34],[0,0],[-8.423,2.481],[0,0],[-0.128,-7.677],[0,0],[-4.091,1.318],[0,0],[0.295,-7.144]],"o":[[0,0],[-7.383,1.93],[15.726,-118.345],[-0.037,-11.683],[0,0],[5.06,-2.774],[0,0],[0.083,5.7],[0,0],[5.135,-1.655],[0,0]],"v":[[97.893,104.138],[-112.863,175.412],[-128.884,130.471],[-141.924,-132.074],[-132.994,-153.148],[-56.078,-175.741],[-38.608,-165.154],[-38.421,-152.313],[-30.562,-144.579],[101.263,-185.552],[109.835,-173.193]],"c":true}]},{"i":{"x":0.4,"y":1},"o":{"x":0.2,"y":0},"t":56,"s":[{"i":[[0,0],[0,0],[5.081,30.604],[-15.262,80.962],[-11.724,2.278],[0,0],[-0.179,-7.047],[0,0],[-5.695,1.21],[0,0],[-2.866,-8.036]],"o":[[0,0],[-10.277,1.772],[-6.883,-41.459],[2.36,-12.52],[0,0],[7.705,-1.497],[0,0],[0.116,5.232],[0,0],[7.148,-1.519],[10.674,29.934]],"v":[[141.914,110.446],[-151.456,175.875],[-178.38,128.83],[-181.58,-107.538],[-161.781,-128.2],[-47.182,-150.087],[-31.977,-138.695],[-31.716,-126.907],[-20.776,-119.807],[146.604,-155.488],[162.22,-146.51]],"c":true}]},{"i":{"x":0.4,"y":1},"o":{"x":0.3,"y":0},"t":67,"s":[{"i":[[0,0],[0,0],[0.972,32.174],[0,0],[-10.861,2.36],[0,0],[-0.165,-7.303],[0,0],[-5.276,1.254],[0,0],[0.381,-6.796]],"o":[[0,0],[-9.521,1.836],[0,0],[-0.047,-11.114],[0,0],[7.138,-1.551],[0,0],[0.107,5.422],[0,0],[6.622,-1.574],[0,0]],"v":[[130.406,107.884],[-141.367,175.687],[-163.384,132.935],[-163.911,-118.824],[-152.395,-138.873],[-44.769,-162.099],[-30.683,-150.293],[-30.442,-138.078],[-20.308,-130.72],[134.751,-167.696],[145.805,-155.938]],"c":true}]},{"t":90,"s":[{"i":[[0,0],[0,0],[0.972,32.174],[0,0],[-10.861,2.36],[0,0],[-0.165,-7.303],[0,0],[-5.276,1.254],[0,0],[0.381,-6.796]],"o":[[0,0],[-9.521,1.836],[0,0],[-0.047,-11.114],[0,0],[7.138,-1.551],[0,0],[0.107,5.422],[0,0],[6.622,-1.574],[0,0]],"v":[[130.406,107.884],[-141.367,175.687],[-163.384,132.935],[-163.911,-118.824],[-152.395,-138.873],[-44.769,-162.099],[-30.683,-150.293],[-30.442,-138.078],[-20.308,-130.72],[134.751,-167.696],[145.805,-155.938]],"c":true}]}]},"nm":"Path 1","hd":false},{"ty":"gf","o":{"a":0,"k":100},"r":1,"bm":0,"g":{"p":3,"k":{"a":0,"k":[0,0.773,0.808,0.827,0.5,0.743,0.771,0.788,1,0.714,0.733,0.749]}},"s":{"a":0,"k":[-1,179]},"e":{"a":0,"k":[-15.224,-135.356]},"t":1,"nm":"Gradient Fill 1","hd":false},{"ty":"tr","p":{"a":0,"k":[0,0]},"a":{"a":0,"k":[0,0]},"s":{"a":0,"k":[100,100]},"r":{"a":0,"k":0},"o":{"a":0,"k":100},"sk":{"a":0,"k":0},"sa":{"a":0,"k":0},"nm":"Transform"}],"nm":"Group 2","bm":0,"hd":false},{"ty":"gr","it":[{"ind":0,"ty":"sh","ks":{"a":1,"k":[{"i":{"x":0.833,"y":0.833},"o":{"x":0.167,"y":0.167},"t":40,"s":[{"i":[[68.015,-112.65],[0,0],[15.1,45.724],[0,0],[-10.861,2.36],[0,0],[-0.165,-7.303],[0,0],[-5.276,1.254],[0,0],[0.381,-6.796]],"o":[[-13.038,3.666],[-17.034,3.533],[-21.352,-64.656],[-0.047,-11.114],[0,0],[7.138,-1.551],[0,0],[0.107,5.422],[0,0],[6.622,-1.574],[0,0]],"v":[[160.406,97.885],[-157.04,134.892],[-196.543,78.311],[-171.272,-92.318],[-152.727,-115.427],[-22.138,-150.743],[-8.052,-139.65],[-4.652,-140.066],[5.817,-131.961],[133.294,-129.447],[145.805,-118.979]],"c":true}]},{"i":{"x":0.8,"y":1},"o":{"x":0.6,"y":0},"t":44,"s":[{"i":[[0,0],[0,0],[-8.209,38.085],[0,0],[-8.423,2.481],[0,0],[-1.763,-7.473],[0,0],[-4.091,1.318],[0,0],[0.295,-7.144]],"o":[[0,0],[-13.209,3.714],[13.364,-62.001],[-0.037,-11.683],[0,0],[5.06,-2.774],[0,0],[0.083,5.7],[0,0],[5.135,-1.655],[0,0]],"v":[[97.893,104.138],[-118.487,177.342],[-135.995,113.601],[-150.49,-138.512],[-136.108,-162.804],[-56.792,-185.188],[-43.632,-176.126],[-38.421,-163.809],[-30.302,-155.288],[100.132,-195.693],[109.834,-184.689]],"c":true}]},{"i":{"x":0.4,"y":1},"o":{"x":0.2,"y":0},"t":56,"s":[{"i":[[0,0],[0,0],[7.639,35.34],[-26.497,93.715],[-11.724,2.278],[0,0],[-0.179,-7.047],[0,0],[-5.695,1.21],[0,0],[-10.472,-15.71]],"o":[[0,0],[-18.387,3.409],[0,0],[4.329,-15.31],[0,0],[7.705,-1.497],[0,0],[0.116,5.232],[0,0],[7.148,-1.519],[12.779,19.172]],"v":[[141.914,110.446],[-159.284,177.647],[-190.27,123.084],[-189.819,-114.765],[-167.695,-136.538],[-47.182,-159.953],[-31.977,-149.248],[-31.716,-137.46],[-20.415,-129.638],[145.031,-164.797],[162.484,-151.801]],"c":true}]},{"i":{"x":0.4,"y":1},"o":{"x":0.3,"y":0},"t":67,"s":[{"i":[[0,0],[0,0],[-1.045,36.214],[0,0],[-10.861,2.36],[0,0],[-0.165,-7.303],[0,0],[-5.276,1.254],[0,0],[0.381,-6.796]],"o":[[0,0],[-17.034,3.533],[0,0],[-0.047,-11.114],[0,0],[7.138,-1.551],[0,0],[0.107,5.422],[0,0],[6.622,-1.574],[0,0]],"v":[[130.406,107.884],[-148.619,177.523],[-173.911,119.89],[-174.956,-124.95],[-156.411,-148.058],[-44.769,-172.322],[-30.683,-161.229],[-30.442,-149.014],[-19.972,-140.908],[133.294,-177.342],[145.805,-166.874]],"c":true}]},{"t":90,"s":[{"i":[[0,0],[0,0],[-1.045,36.214],[0,0],[-10.861,2.36],[0,0],[-0.165,-7.303],[0,0],[-5.276,1.254],[0,0],[0.381,-6.796]],"o":[[0,0],[-17.034,3.533],[0,0],[-0.047,-11.114],[0,0],[7.138,-1.551],[0,0],[0.107,5.422],[0,0],[6.622,-1.574],[0,0]],"v":[[130.406,107.884],[-148.619,177.523],[-173.911,119.89],[-174.956,-124.95],[-156.411,-148.058],[-44.769,-172.322],[-30.683,-161.229],[-30.442,-149.014],[-19.972,-140.908],[133.294,-177.342],[145.805,-166.874]],"c":true}]}]},"nm":"Path 1","hd":false},{"ty":"gf","o":{"a":0,"k":100},"r":1,"bm":0,"g":{"p":3,"k":{"a":0,"k":[0,0.859,0.867,0.867,0.18,0.908,0.912,0.912,1,0.957,0.957,0.957]}},"s":{"a":0,"k":[-170,0]},"e":{"a":0,"k":[-85.947,-0.315]},"t":1,"nm":"Gradient Fill 1","hd":false},{"ty":"tr","p":{"a":0,"k":[0,0]},"a":{"a":0,"k":[0,0]},"s":{"a":0,"k":[100,100]},"r":{"a":0,"k":0},"o":{"a":0,"k":100},"sk":{"a":0,"k":0},"sa":{"a":0,"k":0},"nm":"Transform"}],"nm":"Group 3","bm":0,"hd":false}],"ip":40,"op":194,"st":-53,"bm":0}]}