{"v":"5.12.1","fr":60,"ip":0,"op":180,"w":512,"h":512,"nm":"LastSeen","ddd":0,"assets":[],"layers":[{"ddd":0,"ind":1,"ty":4,"nm":"lastSeen Outlines 2","sr":1,"ks":{"o":{"a":0,"k":100,"ix":11},"r":{"a":0,"k":0,"ix":10},"p":{"a":1,"k":[{"i":{"x":0.4,"y":1},"o":{"x":0.6,"y":0},"t":-30,"s":[346,90,0],"to":[0,0,0],"ti":[0,0,0]},{"t":60,"s":[256,256,0]}],"ix":2,"l":2},"a":{"a":0,"k":[135,135,0],"ix":1,"l":2},"s":{"a":0,"k":[150,150,100],"ix":6,"l":2}},"ao":0,"shapes":[{"ty":"gr","it":[{"ind":0,"ty":"sh","ix":1,"ks":{"a":0,"k":{"i":[[-2.855,-0.381],[-1.743,-3.977],[9.899,8.512],[-0.936,5.33]],"o":[[4.608,0.615],[1.743,3.977],[-3.764,-3.237],[1.526,-8.686]],"v":[[9.589,5.443],[31.861,20.789],[3.193,35.28],[-1.014,21.383]],"c":true},"ix":2},"nm":"Path 2","mn":"ADBE Vector Shape - Group","hd":false},{"ind":1,"ty":"sh","ix":2,"ks":{"a":0,"k":{"i":[[0,1.615],[-9.94,-3.24],[2.23,-10.199],[4.767,1.649]],"o":[[6.515,-33.233],[5.081,1.656],[-3.743,17.119],[-9.337,-3.23]],"v":[[15.978,-4.891],[55.938,-46.243],[64.891,-23.259],[38.868,9.309]],"c":true},"ix":2},"nm":"Path 3","mn":"ADBE Vector Shape - Group","hd":false},{"ty":"mm","mm":1,"nm":"Merge Paths 1","mn":"ADBE Vector Filter - Merge","hd":false},{"ty":"fl","c":{"a":0,"k":[1,1,1,1],"ix":4},"o":{"a":0,"k":100,"ix":5},"r":1,"bm":0,"nm":"Fill 1","mn":"ADBE Vector Graphic - Fill","hd":false},{"ty":"tr","p":{"a":0,"k":[135,135],"ix":2},"a":{"a":0,"k":[0,0],"ix":1},"s":{"a":0,"k":[100,100],"ix":3},"r":{"a":0,"k":0,"ix":6},"o":{"a":1,"k":[{"i":{"x":[0.833],"y":[0.833]},"o":{"x":[0.167],"y":[0.167]},"t":40,"s":[0]},{"t":50,"s":[100]}],"ix":7},"sk":{"a":0,"k":0,"ix":4},"sa":{"a":0,"k":0,"ix":5},"nm":"Transform"}],"nm":"Group 1","np":4,"cix":2,"bm":0,"ix":1,"mn":"ADBE Vector Group","hd":false},{"ty":"gr","it":[{"ind":0,"ty":"sh","ix":1,"ks":{"a":0,"k":{"i":[[-3.913,1.812],[-2.733,-2.251],[14.502,3.094]],"o":[[3.913,-1.812],[2.733,2.251],[-14.502,-3.094]],"v":[[-53.1,25.872],[-26.044,32.041],[-43.992,53.907]],"c":true},"ix":2},"nm":"Path 2","mn":"ADBE Vector Shape - Group","hd":false},{"ind":1,"ty":"sh","ix":2,"ks":{"a":0,"k":{"i":[[3.913,-1.812],[2.733,2.251],[-4.651,12.962],[-8.081,-1.636]],"o":[[-3.913,1.812],[-1.349,-1.111],[4.77,-13.295],[25.546,5.171]],"v":[[-22.377,20.405],[-49.892,13.012],[-47.681,-14.514],[-19.039,-36.308]],"c":true},"ix":2},"nm":"Path 3","mn":"ADBE Vector Shape - Group","hd":false},{"ty":"mm","mm":1,"nm":"Merge Paths 1","mn":"ADBE Vector Filter - Merge","hd":false},{"ty":"fl","c":{"a":0,"k":[1,1,1,1],"ix":4},"o":{"a":0,"k":100,"ix":5},"r":1,"bm":0,"nm":"Fill 1","mn":"ADBE Vector Graphic - Fill","hd":false},{"ty":"tr","p":{"a":0,"k":[135,135],"ix":2},"a":{"a":0,"k":[0,0],"ix":1},"s":{"a":0,"k":[100,100],"ix":3},"r":{"a":0,"k":0,"ix":6},"o":{"a":1,"k":[{"i":{"x":[0.833],"y":[0.833]},"o":{"x":[0.167],"y":[0.167]},"t":20,"s":[0]},{"t":30,"s":[100]}],"ix":7},"sk":{"a":0,"k":0,"ix":4},"sa":{"a":0,"k":0,"ix":5},"nm":"Transform"}],"nm":"Group 2","np":4,"cix":2,"bm":0,"ix":2,"mn":"ADBE Vector Group","hd":false}],"ip":0,"op":180,"st":0,"ct":1,"bm":0},{"ddd":0,"ind":2,"ty":4,"nm":"Arrow","sr":1,"ks":{"o":{"a":0,"k":100,"ix":11},"r":{"a":1,"k":[{"i":{"x":[0.833],"y":[1]},"o":{"x":[0.167],"y":[0]},"t":0,"s":[327]},{"i":{"x":[0.833],"y":[1]},"o":{"x":[0.167],"y":[0]},"t":1,"s":[327]},{"i":{"x":[0.833],"y":[1]},"o":{"x":[0.167],"y":[0]},"t":2,"s":[327]},{"i":{"x":[0.833],"y":[1.194]},"o":{"x":[0.167],"y":[0]},"t":3,"s":[327]},{"i":{"x":[0.833],"y":[0.325]},"o":{"x":[0.167],"y":[0.083]},"t":4,"s":[327]},{"i":{"x":[0.833],"y":[0.852]},"o":{"x":[0.167],"y":[0.095]},"t":5,"s":[324.669]},{"i":{"x":[0.833],"y":[0.709]},"o":{"x":[0.167],"y":[0.19]},"t":6,"s":[308.104]},{"i":{"x":[0.833],"y":[0.869]},"o":{"x":[0.167],"y":[0.117]},"t":7,"s":[295.176]},{"i":{"x":[0.833],"y":[0.74]},"o":{"x":[0.167],"y":[0.23]},"t":8,"s":[262.935]},{"i":{"x":[0.833],"y":[0.832]},"o":{"x":[0.167],"y":[0.123]},"t":9,"s":[244.64]},{"i":{"x":[0.833],"y":[0.876]},"o":{"x":[0.167],"y":[0.165]},"t":10,"s":[205.869]},{"i":{"x":[0.833],"y":[0.759]},"o":{"x":[0.167],"y":[0.254]},"t":11,"s":[166.529]},{"i":{"x":[0.833],"y":[0.842]},"o":{"x":[0.167],"y":[0.127]},"t":12,"s":[147.352]},{"i":{"x":[0.833],"y":[0.879]},"o":{"x":[0.167],"y":[0.176]},"t":13,"s":[111.033]},{"i":{"x":[0.833],"y":[0.77]},"o":{"x":[0.167],"y":[0.268]},"t":14,"s":[78.4]},{"i":{"x":[0.833],"y":[0.849]},"o":{"x":[0.167],"y":[0.131]},"t":15,"s":[63.711]},{"i":{"x":[0.833],"y":[0.882]},"o":{"x":[0.167],"y":[0.185]},"t":16,"s":[37.839]},{"i":{"x":[0.833],"y":[0.781]},"o":{"x":[0.167],"y":[0.283]},"t":17,"s":[16.72]},{"i":{"x":[0.833],"y":[0.857]},"o":{"x":[0.167],"y":[0.135]},"t":18,"s":[7.908]},{"i":{"x":[0.833],"y":[0.886]},"o":{"x":[0.167],"y":[0.199]},"t":19,"s":[-6.413]},{"i":{"x":[0.833],"y":[0.802]},"o":{"x":[0.167],"y":[0.31]},"t":20,"s":[-16.692]},{"i":{"x":[0.833],"y":[0.876]},"o":{"x":[0.167],"y":[0.144]},"t":21,"s":[-20.474]},{"i":{"x":[0.833],"y":[0.902]},"o":{"x":[0.167],"y":[0.255]},"t":22,"s":[-25.676]},{"i":{"x":[0.833],"y":[0.999]},"o":{"x":[0.167],"y":[0.563]},"t":23,"s":[-28.205]},{"i":{"x":[0.833],"y":[0.577]},"o":{"x":[0.167],"y":[-0.001]},"t":24,"s":[-28.645]},{"i":{"x":[0.833],"y":[0.858]},"o":{"x":[0.167],"y":[0.104]},"t":25,"s":[-28.208]},{"i":{"x":[0.833],"y":[0.718]},"o":{"x":[0.167],"y":[0.202]},"t":26,"s":[-26.43]},{"i":{"x":[0.833],"y":[0.823]},"o":{"x":[0.167],"y":[0.118]},"t":27,"s":[-25.178]},{"i":{"x":[0.833],"y":[0.874]},"o":{"x":[0.167],"y":[0.157]},"t":28,"s":[-22.19]},{"i":{"x":[0.833],"y":[0.752]},"o":{"x":[0.167],"y":[0.245]},"t":29,"s":[-18.833]},{"i":{"x":[0.833],"y":[0.838]},"o":{"x":[0.167],"y":[0.125]},"t":30,"s":[-17.101]},{"i":{"x":[0.833],"y":[0.878]},"o":{"x":[0.167],"y":[0.171]},"t":31,"s":[-13.673]},{"i":{"x":[0.833],"y":[0.765]},"o":{"x":[0.167],"y":[0.262]},"t":32,"s":[-10.427]},{"i":{"x":[0.833],"y":[0.845]},"o":{"x":[0.167],"y":[0.129]},"t":33,"s":[-8.913]},{"i":{"x":[0.833],"y":[0.881]},"o":{"x":[0.167],"y":[0.181]},"t":34,"s":[-6.152]},{"i":{"x":[0.833],"y":[0.775]},"o":{"x":[0.167],"y":[0.275]},"t":35,"s":[-3.79]},{"i":{"x":[0.833],"y":[0.852]},"o":{"x":[0.167],"y":[0.132]},"t":36,"s":[-2.765]},{"i":{"x":[0.833],"y":[0.884]},"o":{"x":[0.167],"y":[0.191]},"t":37,"s":[-1.026]},{"i":{"x":[0.833],"y":[0.789]},"o":{"x":[0.167],"y":[0.294]},"t":38,"s":[0.315]},{"i":{"x":[0.833],"y":[0.864]},"o":{"x":[0.167],"y":[0.138]},"t":39,"s":[0.846]},{"i":{"x":[0.833],"y":[0.89]},"o":{"x":[0.167],"y":[0.214]},"t":40,"s":[1.657]},{"i":{"x":[0.833],"y":[0.832]},"o":{"x":[0.167],"y":[0.348]},"t":41,"s":[2.173]},{"i":{"x":[0.833],"y":[0.92]},"o":{"x":[0.167],"y":[0.165]},"t":42,"s":[2.335]},{"i":{"x":[0.833],"y":[0.197]},"o":{"x":[0.167],"y":[-2.153]},"t":43,"s":[2.501]},{"i":{"x":[0.833],"y":[0.633]},"o":{"x":[0.167],"y":[0.093]},"t":44,"s":[2.495]},{"i":{"x":[0.833],"y":[0.801]},"o":{"x":[0.167],"y":[0.108]},"t":45,"s":[2.442]},{"i":{"x":[0.833],"y":[0.87]},"o":{"x":[0.167],"y":[0.144]},"t":46,"s":[2.26]},{"i":{"x":[0.833],"y":[0.741]},"o":{"x":[0.167],"y":[0.231]},"t":47,"s":[2.009]},{"i":{"x":[0.833],"y":[0.832]},"o":{"x":[0.167],"y":[0.123]},"t":48,"s":[1.867]},{"i":{"x":[0.833],"y":[0.876]},"o":{"x":[0.167],"y":[0.166]},"t":49,"s":[1.568]},{"i":{"x":[0.833],"y":[0.759]},"o":{"x":[0.167],"y":[0.255]},"t":50,"s":[1.266]},{"i":{"x":[0.833],"y":[0.842]},"o":{"x":[0.167],"y":[0.127]},"t":51,"s":[1.119]},{"i":{"x":[0.833],"y":[0.879]},"o":{"x":[0.167],"y":[0.176]},"t":52,"s":[0.84]},{"i":{"x":[0.833],"y":[0.77]},"o":{"x":[0.167],"y":[0.269]},"t":53,"s":[0.591]},{"i":{"x":[0.833],"y":[0.849]},"o":{"x":[0.167],"y":[0.131]},"t":54,"s":[0.479]},{"i":{"x":[0.833],"y":[0.882]},"o":{"x":[0.167],"y":[0.186]},"t":55,"s":[0.282]},{"i":{"x":[0.833],"y":[0.782]},"o":{"x":[0.167],"y":[0.283]},"t":56,"s":[0.121]},{"i":{"x":[0.833],"y":[0.857]},"o":{"x":[0.167],"y":[0.135]},"t":57,"s":[0.054]},{"i":{"x":[0.833],"y":[0.833]},"o":{"x":[0.167],"y":[0.2]},"t":58,"s":[-0.054]},{"t":59,"s":[-0.132]}],"ix":10},"p":{"a":0,"k":[256,256,0],"ix":2,"l":2},"a":{"a":0,"k":[135,135,0],"ix":1,"l":2},"s":{"a":1,"k":[{"i":{"x":[0.833,0.833,0.833],"y":[0.701,0.701,1]},"o":{"x":[0.167,0.167,0.167],"y":[0.167,0.167,0]},"t":0,"s":[0,0,100]},{"i":{"x":[0.833,0.833,0.833],"y":[0.861,0.861,1]},"o":{"x":[0.167,0.167,0.167],"y":[0.115,0.115,0]},"t":1,"s":[5.135,5.135,100]},{"i":{"x":[0.833,0.833,0.833],"y":[0.724,0.724,1]},"o":{"x":[0.167,0.167,0.167],"y":[0.209,0.209,0]},"t":2,"s":[18.455,18.455,100]},{"i":{"x":[0.833,0.833,0.833],"y":[0.825,0.825,1]},"o":{"x":[0.167,0.167,0.167],"y":[0.119,0.119,0]},"t":3,"s":[27.289,27.289,100]},{"i":{"x":[0.833,0.833,0.833],"y":[0.832,0.832,1]},"o":{"x":[0.167,0.167,0.167],"y":[0.159,0.159,0]},"t":4,"s":[47.761,47.761,100]},{"i":{"x":[0.833,0.833,0.833],"y":[0.876,0.876,1]},"o":{"x":[0.167,0.167,0.167],"y":[0.165,0.165,0]},"t":5,"s":[70.245,70.245,100]},{"i":{"x":[0.833,0.833,0.833],"y":[0.759,0.759,1]},"o":{"x":[0.167,0.167,0.167],"y":[0.254,0.254,0]},"t":6,"s":[93.058,93.058,100]},{"i":{"x":[0.833,0.833,0.833],"y":[0.878,0.878,1]},"o":{"x":[0.167,0.167,0.167],"y":[0.127,0.127,0]},"t":7,"s":[104.179,104.179,100]},{"i":{"x":[0.833,0.833,0.833],"y":[0.766,0.766,1]},"o":{"x":[0.167,0.167,0.167],"y":[0.263,0.263,0]},"t":8,"s":[125.241,125.241,100]},{"i":{"x":[0.833,0.833,0.833],"y":[0.846,0.846,1]},"o":{"x":[0.167,0.167,0.167],"y":[0.129,0.129,0]},"t":9,"s":[135.003,135.003,100]},{"i":{"x":[0.833,0.833,0.833],"y":[0.881,0.881,1]},"o":{"x":[0.167,0.167,0.167],"y":[0.182,0.182,0]},"t":10,"s":[152.683,152.683,100]},{"i":{"x":[0.833,0.833,0.833],"y":[0.776,0.776,1]},"o":{"x":[0.167,0.167,0.167],"y":[0.277,0.277,0]},"t":11,"s":[167.687,167.687,100]},{"i":{"x":[0.833,0.833,0.833],"y":[0.853,0.853,1]},"o":{"x":[0.167,0.167,0.167],"y":[0.133,0.133,0]},"t":12,"s":[174.153,174.153,100]},{"i":{"x":[0.833,0.833,0.833],"y":[0.884,0.884,1]},"o":{"x":[0.167,0.167,0.167],"y":[0.193,0.193,0]},"t":13,"s":[185.044,185.044,100]},{"i":{"x":[0.833,0.833,0.833],"y":[0.791,0.791,1]},"o":{"x":[0.167,0.167,0.167],"y":[0.296,0.296,0]},"t":14,"s":[193.349,193.349,100]},{"i":{"x":[0.833,0.833,0.833],"y":[0.865,0.865,1]},"o":{"x":[0.167,0.167,0.167],"y":[0.139,0.139,0]},"t":15,"s":[196.604,196.604,100]},{"i":{"x":[0.833,0.833,0.833],"y":[0.892,0.892,1]},"o":{"x":[0.167,0.167,0.167],"y":[0.219,0.219,0]},"t":16,"s":[201.503,201.503,100]},{"i":{"x":[0.833,0.833,0.833],"y":[0.842,0.842,1]},"o":{"x":[0.167,0.167,0.167],"y":[0.361,0.361,0]},"t":17,"s":[204.519,204.519,100]},{"i":{"x":[0.833,0.833,0.833],"y":[0.943,0.943,1]},"o":{"x":[0.167,0.167,0.167],"y":[0.176,0.176,0]},"t":18,"s":[205.426,205.426,100]},{"i":{"x":[0.833,0.833,0.833],"y":[0.773,0.773,1]},"o":{"x":[0.167,0.167,0.167],"y":[-0.185,-0.185,0]},"t":19,"s":[206.241,206.241,100]},{"i":{"x":[0.833,0.833,0.833],"y":[0.663,0.663,1]},"o":{"x":[0.167,0.167,0.167],"y":[0.132,0.132,0]},"t":20,"s":[205.988,205.988,100]},{"i":{"x":[0.833,0.833,0.833],"y":[0.807,0.807,1]},"o":{"x":[0.167,0.167,0.167],"y":[0.111,0.111,0]},"t":21,"s":[205.553,205.553,100]},{"i":{"x":[0.833,0.833,0.833],"y":[0.871,0.871,1]},"o":{"x":[0.167,0.167,0.167],"y":[0.147,0.147,0]},"t":22,"s":[204.231,204.231,100]},{"i":{"x":[0.833,0.833,0.833],"y":[0.743,0.743,1]},"o":{"x":[0.167,0.167,0.167],"y":[0.234,0.234,0]},"t":23,"s":[202.498,202.498,100]},{"i":{"x":[0.833,0.833,0.833],"y":[0.834,0.834,1]},"o":{"x":[0.167,0.167,0.167],"y":[0.123,0.123,0]},"t":24,"s":[201.541,201.541,100]},{"i":{"x":[0.833,0.833,0.833],"y":[0.876,0.876,1]},"o":{"x":[0.167,0.167,0.167],"y":[0.167,0.167,0]},"t":25,"s":[199.547,199.547,100]},{"i":{"x":[0.833,0.833,0.833],"y":[0.76,0.76,1]},"o":{"x":[0.167,0.167,0.167],"y":[0.256,0.256,0]},"t":26,"s":[197.558,197.558,100]},{"i":{"x":[0.833,0.833,0.833],"y":[0.843,0.843,1]},"o":{"x":[0.167,0.167,0.167],"y":[0.128,0.128,0]},"t":27,"s":[196.599,196.599,100]},{"i":{"x":[0.833,0.833,0.833],"y":[0.879,0.879,1]},"o":{"x":[0.167,0.167,0.167],"y":[0.177,0.177,0]},"t":28,"s":[194.798,194.798,100]},{"i":{"x":[0.833,0.833,0.833],"y":[0.771,0.771,1]},"o":{"x":[0.167,0.167,0.167],"y":[0.27,0.27,0]},"t":29,"s":[193.197,193.197,100]},{"i":{"x":[0.833,0.833,0.833],"y":[0.849,0.849,1]},"o":{"x":[0.167,0.167,0.167],"y":[0.131,0.131,0]},"t":30,"s":[192.482,192.482,100]},{"i":{"x":[0.833,0.833,0.833],"y":[0.882,0.882,1]},"o":{"x":[0.167,0.167,0.167],"y":[0.187,0.187,0]},"t":31,"s":[191.233,191.233,100]},{"i":{"x":[0.833,0.833,0.833],"y":[0.783,0.783,1]},"o":{"x":[0.167,0.167,0.167],"y":[0.285,0.285,0]},"t":32,"s":[190.225,190.225,100]},{"i":{"x":[0.833,0.833,0.833],"y":[0.858,0.858,1]},"o":{"x":[0.167,0.167,0.167],"y":[0.135,0.135,0]},"t":33,"s":[189.808,189.808,100]},{"i":{"x":[0.833,0.833,0.833],"y":[0.887,0.887,1]},"o":{"x":[0.167,0.167,0.167],"y":[0.202,0.202,0]},"t":34,"s":[189.139,189.139,100]},{"i":{"x":[0.833,0.833,0.833],"y":[0.806,0.806,1]},"o":{"x":[0.167,0.167,0.167],"y":[0.315,0.315,0]},"t":35,"s":[188.669,188.669,100]},{"i":{"x":[0.833,0.833,0.833],"y":[0.881,0.881,1]},"o":{"x":[0.167,0.167,0.167],"y":[0.146,0.146,0]},"t":36,"s":[188.499,188.499,100]},{"i":{"x":[0.833,0.833,0.833],"y":[0.909,0.909,1]},"o":{"x":[0.167,0.167,0.167],"y":[0.278,0.278,0]},"t":37,"s":[188.275,188.275,100]},{"i":{"x":[0.833,0.833,0.833],"y":[1.32,1.32,1]},"o":{"x":[0.167,0.167,0.167],"y":[0.975,0.975,0]},"t":38,"s":[188.179,188.179,100]},{"i":{"x":[0.833,0.833,0.833],"y":[0.715,0.715,1]},"o":{"x":[0.167,0.167,0.167],"y":[0.066,0.066,0]},"t":39,"s":[188.17,188.17,100]},{"i":{"x":[0.833,0.833,0.833],"y":[0.862,0.862,1]},"o":{"x":[0.167,0.167,0.167],"y":[0.118,0.118,0]},"t":40,"s":[188.214,188.214,100]},{"i":{"x":[0.833,0.833,0.833],"y":[0.725,0.725,1]},"o":{"x":[0.167,0.167,0.167],"y":[0.211,0.211,0]},"t":41,"s":[188.319,188.319,100]},{"i":{"x":[0.833,0.833,0.833],"y":[0.826,0.826,1]},"o":{"x":[0.167,0.167,0.167],"y":[0.12,0.12,0]},"t":42,"s":[188.388,188.388,100]},{"i":{"x":[0.833,0.833,0.833],"y":[0.874,0.874,1]},"o":{"x":[0.167,0.167,0.167],"y":[0.16,0.16,0]},"t":43,"s":[188.547,188.547,100]},{"i":{"x":[0.833,0.833,0.833],"y":[0.753,0.753,1]},"o":{"x":[0.167,0.167,0.167],"y":[0.247,0.247,0]},"t":44,"s":[188.72,188.72,100]},{"i":{"x":[0.833,0.833,0.833],"y":[0.839,0.839,1]},"o":{"x":[0.167,0.167,0.167],"y":[0.126,0.126,0]},"t":45,"s":[188.808,188.808,100]},{"i":{"x":[0.833,0.833,0.833],"y":[0.878,0.878,1]},"o":{"x":[0.167,0.167,0.167],"y":[0.172,0.172,0]},"t":46,"s":[188.981,188.981,100]},{"i":{"x":[0.833,0.833,0.833],"y":[0.766,0.766,1]},"o":{"x":[0.167,0.167,0.167],"y":[0.263,0.263,0]},"t":47,"s":[189.142,189.142,100]},{"i":{"x":[0.833,0.833,0.833],"y":[0.846,0.846,1]},"o":{"x":[0.167,0.167,0.167],"y":[0.129,0.129,0]},"t":48,"s":[189.217,189.217,100]},{"i":{"x":[0.833,0.833,0.833],"y":[0.881,0.881,1]},"o":{"x":[0.167,0.167,0.167],"y":[0.182,0.182,0]},"t":49,"s":[189.352,189.352,100]},{"i":{"x":[0.833,0.833,0.833],"y":[0.777,0.777,1]},"o":{"x":[0.167,0.167,0.167],"y":[0.277,0.277,0]},"t":50,"s":[189.466,189.466,100]},{"i":{"x":[0.833,0.833,0.833],"y":[0.853,0.853,1]},"o":{"x":[0.167,0.167,0.167],"y":[0.133,0.133,0]},"t":51,"s":[189.516,189.516,100]},{"i":{"x":[0.833,0.833,0.833],"y":[0.884,0.884,1]},"o":{"x":[0.167,0.167,0.167],"y":[0.193,0.193,0]},"t":52,"s":[189.598,189.598,100]},{"i":{"x":[0.833,0.833,0.833],"y":[0.792,0.792,1]},"o":{"x":[0.167,0.167,0.167],"y":[0.297,0.297,0]},"t":53,"s":[189.661,189.661,100]},{"i":{"x":[0.833,0.833,0.833],"y":[0.866,0.866,1]},"o":{"x":[0.167,0.167,0.167],"y":[0.139,0.139,0]},"t":54,"s":[189.686,189.686,100]},{"i":{"x":[0.833,0.833,0.833],"y":[0.892,0.892,1]},"o":{"x":[0.167,0.167,0.167],"y":[0.22,0.22,0]},"t":55,"s":[189.723,189.723,100]},{"i":{"x":[0.833,0.833,0.833],"y":[0.845,0.845,1]},"o":{"x":[0.167,0.167,0.167],"y":[0.364,0.364,0]},"t":56,"s":[189.745,189.745,100]},{"i":{"x":[0.833,0.833,0.833],"y":[0.95,0.95,1]},"o":{"x":[0.167,0.167,0.167],"y":[0.18,0.18,0]},"t":57,"s":[189.752,189.752,100]},{"i":{"x":[0.833,0.833,0.833],"y":[0.833,0.833,1]},"o":{"x":[0.167,0.167,0.167],"y":[-0.124,-0.124,0]},"t":58,"s":[189.758,189.758,100]},{"t":59,"s":[189.755,189.755,100]}],"ix":6,"l":2}},"ao":0,"shapes":[{"ty":"gr","it":[{"ind":0,"ty":"sh","ix":1,"ks":{"a":0,"k":{"i":[[0,0],[53.848,0],[0,-53.848],[-53.848,0],[-17.881,21.788]],"o":[[0,-53.848],[-53.848,0],[0,53.848],[30.385,0],[0,0]],"v":[[97.5,0],[0,-97.5],[-97.5,0],[0,97.5],[75.405,61.813]],"c":false},"ix":2},"nm":"Path 1","mn":"ADBE Vector Shape - Group","hd":false},{"ty":"st","c":{"a":0,"k":[1,1,1,1],"ix":3},"o":{"a":0,"k":100,"ix":4},"w":{"a":0,"k":15,"ix":5},"lc":2,"lj":1,"ml":10,"bm":0,"nm":"Stroke 1","mn":"ADBE Vector Graphic - Stroke","hd":false},{"ty":"tm","s":{"a":1,"k":[{"i":{"x":[0.833],"y":[1]},"o":{"x":[0.167],"y":[0]},"t":0,"s":[100]},{"i":{"x":[0.833],"y":[1]},"o":{"x":[0.167],"y":[0]},"t":1,"s":[100]},{"i":{"x":[0.833],"y":[1]},"o":{"x":[0.167],"y":[0]},"t":2,"s":[100]},{"i":{"x":[0.833],"y":[1.059]},"o":{"x":[0.167],"y":[0]},"t":3,"s":[100]},{"i":{"x":[0.833],"y":[0.325]},"o":{"x":[0.167],"y":[0.083]},"t":4,"s":[100]},{"i":{"x":[0.833],"y":[0.852]},"o":{"x":[0.167],"y":[0.095]},"t":5,"s":[99.287]},{"i":{"x":[0.833],"y":[0.709]},"o":{"x":[0.167],"y":[0.19]},"t":6,"s":[94.222]},{"i":{"x":[0.833],"y":[0.869]},"o":{"x":[0.167],"y":[0.117]},"t":7,"s":[90.268]},{"i":{"x":[0.833],"y":[0.74]},"o":{"x":[0.167],"y":[0.23]},"t":8,"s":[80.408]},{"i":{"x":[0.833],"y":[0.832]},"o":{"x":[0.167],"y":[0.123]},"t":9,"s":[74.813]},{"i":{"x":[0.833],"y":[0.876]},"o":{"x":[0.167],"y":[0.165]},"t":10,"s":[62.957]},{"i":{"x":[0.833],"y":[0.759]},"o":{"x":[0.167],"y":[0.254]},"t":11,"s":[50.926]},{"i":{"x":[0.833],"y":[0.842]},"o":{"x":[0.167],"y":[0.127]},"t":12,"s":[45.062]},{"i":{"x":[0.833],"y":[0.879]},"o":{"x":[0.167],"y":[0.176]},"t":13,"s":[33.955]},{"i":{"x":[0.833],"y":[0.77]},"o":{"x":[0.167],"y":[0.268]},"t":14,"s":[23.976]},{"i":{"x":[0.833],"y":[0.849]},"o":{"x":[0.167],"y":[0.131]},"t":15,"s":[19.483]},{"i":{"x":[0.833],"y":[0.882]},"o":{"x":[0.167],"y":[0.185]},"t":16,"s":[11.571]},{"i":{"x":[0.833],"y":[0.842]},"o":{"x":[0.167],"y":[0.283]},"t":17,"s":[5.113]},{"i":{"x":[0.833],"y":[0.917]},"o":{"x":[0.167],"y":[0.176]},"t":18,"s":[2.418]},{"i":{"x":[0.833],"y":[1]},"o":{"x":[0.167],"y":[-0.202]},"t":19,"s":[0]},{"i":{"x":[0.833],"y":[1]},"o":{"x":[0.167],"y":[0]},"t":20,"s":[0]},{"i":{"x":[0.833],"y":[1]},"o":{"x":[0.167],"y":[0]},"t":21,"s":[0]},{"i":{"x":[0.833],"y":[1]},"o":{"x":[0.167],"y":[0]},"t":22,"s":[0]},{"i":{"x":[0.833],"y":[1]},"o":{"x":[0.167],"y":[0]},"t":23,"s":[0]},{"i":{"x":[0.833],"y":[1]},"o":{"x":[0.167],"y":[0]},"t":24,"s":[0]},{"i":{"x":[0.833],"y":[1]},"o":{"x":[0.167],"y":[0]},"t":25,"s":[0]},{"i":{"x":[0.833],"y":[1]},"o":{"x":[0.167],"y":[0]},"t":26,"s":[0]},{"i":{"x":[0.833],"y":[1]},"o":{"x":[0.167],"y":[0]},"t":27,"s":[0]},{"i":{"x":[0.833],"y":[1]},"o":{"x":[0.167],"y":[0]},"t":28,"s":[0]},{"i":{"x":[0.833],"y":[1]},"o":{"x":[0.167],"y":[0]},"t":29,"s":[0]},{"i":{"x":[0.833],"y":[1]},"o":{"x":[0.167],"y":[0]},"t":30,"s":[0]},{"i":{"x":[0.833],"y":[1]},"o":{"x":[0.167],"y":[0]},"t":31,"s":[0]},{"i":{"x":[0.833],"y":[1]},"o":{"x":[0.167],"y":[0]},"t":32,"s":[0]},{"i":{"x":[0.833],"y":[1]},"o":{"x":[0.167],"y":[0]},"t":33,"s":[0]},{"i":{"x":[0.833],"y":[1]},"o":{"x":[0.167],"y":[0]},"t":34,"s":[0]},{"i":{"x":[0.833],"y":[1]},"o":{"x":[0.167],"y":[0]},"t":35,"s":[0]},{"i":{"x":[0.833],"y":[0.992]},"o":{"x":[0.167],"y":[0]},"t":36,"s":[0]},{"i":{"x":[0.833],"y":[0.776]},"o":{"x":[0.167],"y":[0.083]},"t":37,"s":[0]},{"i":{"x":[0.833],"y":[0.789]},"o":{"x":[0.167],"y":[0.133]},"t":38,"s":[0.096]},{"i":{"x":[0.833],"y":[0.864]},"o":{"x":[0.167],"y":[0.138]},"t":39,"s":[0.259]},{"i":{"x":[0.833],"y":[0.89]},"o":{"x":[0.167],"y":[0.214]},"t":40,"s":[0.507]},{"i":{"x":[0.833],"y":[0.832]},"o":{"x":[0.167],"y":[0.348]},"t":41,"s":[0.664]},{"i":{"x":[0.833],"y":[0.92]},"o":{"x":[0.167],"y":[0.165]},"t":42,"s":[0.714]},{"i":{"x":[0.833],"y":[0.197]},"o":{"x":[0.167],"y":[-2.153]},"t":43,"s":[0.765]},{"i":{"x":[0.833],"y":[0.633]},"o":{"x":[0.167],"y":[0.093]},"t":44,"s":[0.763]},{"i":{"x":[0.833],"y":[0.801]},"o":{"x":[0.167],"y":[0.108]},"t":45,"s":[0.747]},{"i":{"x":[0.833],"y":[0.87]},"o":{"x":[0.167],"y":[0.144]},"t":46,"s":[0.691]},{"i":{"x":[0.833],"y":[0.741]},"o":{"x":[0.167],"y":[0.231]},"t":47,"s":[0.614]},{"i":{"x":[0.833],"y":[0.832]},"o":{"x":[0.167],"y":[0.123]},"t":48,"s":[0.571]},{"i":{"x":[0.833],"y":[0.876]},"o":{"x":[0.167],"y":[0.166]},"t":49,"s":[0.48]},{"i":{"x":[0.833],"y":[0.759]},"o":{"x":[0.167],"y":[0.255]},"t":50,"s":[0.387]},{"i":{"x":[0.833],"y":[0.842]},"o":{"x":[0.167],"y":[0.127]},"t":51,"s":[0.342]},{"i":{"x":[0.833],"y":[0.879]},"o":{"x":[0.167],"y":[0.176]},"t":52,"s":[0.257]},{"i":{"x":[0.833],"y":[0.77]},"o":{"x":[0.167],"y":[0.269]},"t":53,"s":[0.181]},{"i":{"x":[0.833],"y":[0.849]},"o":{"x":[0.167],"y":[0.131]},"t":54,"s":[0.146]},{"i":{"x":[0.833],"y":[0.882]},"o":{"x":[0.167],"y":[0.186]},"t":55,"s":[0.086]},{"i":{"x":[0.833],"y":[0.849]},"o":{"x":[0.167],"y":[0.283]},"t":56,"s":[0.037]},{"i":{"x":[0.833],"y":[0.917]},"o":{"x":[0.167],"y":[0.186]},"t":57,"s":[0.017]},{"i":{"x":[0.833],"y":[1]},"o":{"x":[0.167],"y":[-0.001]},"t":58,"s":[0]},{"t":59,"s":[0]}],"ix":1},"e":{"a":0,"k":100,"ix":2},"o":{"a":0,"k":0,"ix":3},"m":1,"ix":3,"nm":"Trim Paths 1","mn":"ADBE Vector Filter - Trim","hd":false},{"ty":"tr","p":{"a":0,"k":[135,135],"ix":2},"a":{"a":0,"k":[0,0],"ix":1},"s":{"a":0,"k":[100,100],"ix":3},"r":{"a":0,"k":0,"ix":6},"o":{"a":0,"k":100,"ix":7},"sk":{"a":0,"k":0,"ix":4},"sa":{"a":0,"k":0,"ix":5},"nm":"Transform"}],"nm":"Group 3","np":3,"cix":2,"bm":0,"ix":1,"mn":"ADBE Vector Group","hd":false},{"ty":"gr","it":[{"ty":"gr","it":[{"ind":0,"ty":"sh","ix":1,"ks":{"a":0,"k":{"i":[[0.286,-0.003],[0,0],[-0.031,-2.772],[-0.715,-0.88],[0,0],[-1.434,1.166],[-0.175,0.703],[0,0],[1.793,0.448]],"o":[[0,0],[-2.772,0.031],[0.013,1.134],[0,0],[1.166,1.434],[0.562,-0.457],[0,0],[0.448,-1.793],[-0.277,-0.069]],"v":[[17.771,-21.479],[-16.509,-21.096],[-21.472,-16.021],[-20.348,-12.911],[6.261,19.83],[10.969,20.317],[12.105,18.53],[21.055,-17.323],[18.619,-21.38]],"c":true},"ix":2},"nm":"Path 2","mn":"ADBE Vector Shape - Group","hd":false},{"ty":"tr","p":{"a":0,"k":[0,0],"ix":2},"a":{"a":0,"k":[0,0],"ix":1},"s":{"a":1,"k":[{"i":{"x":[0.833,0.833],"y":[1,1]},"o":{"x":[0.167,0.167],"y":[0,0]},"t":0,"s":[0,0]},{"i":{"x":[0.833,0.833],"y":[1,1]},"o":{"x":[0.167,0.167],"y":[0,0]},"t":1,"s":[0,0]},{"i":{"x":[0.833,0.833],"y":[1,1]},"o":{"x":[0.167,0.167],"y":[0,0]},"t":2,"s":[0,0]},{"i":{"x":[0.833,0.833],"y":[0.941,0.941]},"o":{"x":[0.167,0.167],"y":[0,0]},"t":3,"s":[0,0]},{"i":{"x":[0.833,0.833],"y":[0.325,0.325]},"o":{"x":[0.167,0.167],"y":[0.083,0.083]},"t":4,"s":[0,0]},{"i":{"x":[0.833,0.833],"y":[0.852,0.852]},"o":{"x":[0.167,0.167],"y":[0.095,0.095]},"t":5,"s":[0.713,0.713]},{"i":{"x":[0.833,0.833],"y":[0.709,0.709]},"o":{"x":[0.167,0.167],"y":[0.19,0.19]},"t":6,"s":[5.778,5.778]},{"i":{"x":[0.833,0.833],"y":[0.869,0.869]},"o":{"x":[0.167,0.167],"y":[0.117,0.117]},"t":7,"s":[9.732,9.732]},{"i":{"x":[0.833,0.833],"y":[0.74,0.74]},"o":{"x":[0.167,0.167],"y":[0.23,0.23]},"t":8,"s":[19.592,19.592]},{"i":{"x":[0.833,0.833],"y":[0.832,0.832]},"o":{"x":[0.167,0.167],"y":[0.123,0.123]},"t":9,"s":[25.187,25.187]},{"i":{"x":[0.833,0.833],"y":[0.876,0.876]},"o":{"x":[0.167,0.167],"y":[0.165,0.165]},"t":10,"s":[37.043,37.043]},{"i":{"x":[0.833,0.833],"y":[0.759,0.759]},"o":{"x":[0.167,0.167],"y":[0.254,0.254]},"t":11,"s":[49.074,49.074]},{"i":{"x":[0.833,0.833],"y":[0.842,0.842]},"o":{"x":[0.167,0.167],"y":[0.127,0.127]},"t":12,"s":[54.938,54.938]},{"i":{"x":[0.833,0.833],"y":[0.879,0.879]},"o":{"x":[0.167,0.167],"y":[0.176,0.176]},"t":13,"s":[66.045,66.045]},{"i":{"x":[0.833,0.833],"y":[0.77,0.77]},"o":{"x":[0.167,0.167],"y":[0.268,0.268]},"t":14,"s":[76.024,76.024]},{"i":{"x":[0.833,0.833],"y":[0.849,0.849]},"o":{"x":[0.167,0.167],"y":[0.131,0.131]},"t":15,"s":[80.517,80.517]},{"i":{"x":[0.833,0.833],"y":[0.882,0.882]},"o":{"x":[0.167,0.167],"y":[0.185,0.185]},"t":16,"s":[88.429,88.429]},{"i":{"x":[0.833,0.833],"y":[0.781,0.781]},"o":{"x":[0.167,0.167],"y":[0.283,0.283]},"t":17,"s":[94.887,94.887]},{"i":{"x":[0.833,0.833],"y":[0.857,0.857]},"o":{"x":[0.167,0.167],"y":[0.135,0.135]},"t":18,"s":[97.582,97.582]},{"i":{"x":[0.833,0.833],"y":[0.886,0.886]},"o":{"x":[0.167,0.167],"y":[0.199,0.199]},"t":19,"s":[101.961,101.961]},{"i":{"x":[0.833,0.833],"y":[0.802,0.802]},"o":{"x":[0.167,0.167],"y":[0.31,0.31]},"t":20,"s":[105.104,105.104]},{"i":{"x":[0.833,0.833],"y":[0.876,0.876]},"o":{"x":[0.167,0.167],"y":[0.144,0.144]},"t":21,"s":[106.261,106.261]},{"i":{"x":[0.833,0.833],"y":[0.902,0.902]},"o":{"x":[0.167,0.167],"y":[0.255,0.255]},"t":22,"s":[107.852,107.852]},{"i":{"x":[0.833,0.833],"y":[0.999,0.999]},"o":{"x":[0.167,0.167],"y":[0.563,0.563]},"t":23,"s":[108.625,108.625]},{"i":{"x":[0.833,0.833],"y":[0.577,0.577]},"o":{"x":[0.167,0.167],"y":[-0.001,-0.001]},"t":24,"s":[108.76,108.76]},{"i":{"x":[0.833,0.833],"y":[0.858,0.858]},"o":{"x":[0.167,0.167],"y":[0.104,0.104]},"t":25,"s":[108.626,108.626]},{"i":{"x":[0.833,0.833],"y":[0.718,0.718]},"o":{"x":[0.167,0.167],"y":[0.202,0.202]},"t":26,"s":[108.083,108.083]},{"i":{"x":[0.833,0.833],"y":[0.823,0.823]},"o":{"x":[0.167,0.167],"y":[0.118,0.118]},"t":27,"s":[107.7,107.7]},{"i":{"x":[0.833,0.833],"y":[0.874,0.874]},"o":{"x":[0.167,0.167],"y":[0.157,0.157]},"t":28,"s":[106.786,106.786]},{"i":{"x":[0.833,0.833],"y":[0.752,0.752]},"o":{"x":[0.167,0.167],"y":[0.245,0.245]},"t":29,"s":[105.759,105.759]},{"i":{"x":[0.833,0.833],"y":[0.838,0.838]},"o":{"x":[0.167,0.167],"y":[0.125,0.125]},"t":30,"s":[105.23,105.23]},{"i":{"x":[0.833,0.833],"y":[0.878,0.878]},"o":{"x":[0.167,0.167],"y":[0.171,0.171]},"t":31,"s":[104.181,104.181]},{"i":{"x":[0.833,0.833],"y":[0.765,0.765]},"o":{"x":[0.167,0.167],"y":[0.262,0.262]},"t":32,"s":[103.189,103.189]},{"i":{"x":[0.833,0.833],"y":[0.845,0.845]},"o":{"x":[0.167,0.167],"y":[0.129,0.129]},"t":33,"s":[102.726,102.726]},{"i":{"x":[0.833,0.833],"y":[0.881,0.881]},"o":{"x":[0.167,0.167],"y":[0.181,0.181]},"t":34,"s":[101.881,101.881]},{"i":{"x":[0.833,0.833],"y":[0.775,0.775]},"o":{"x":[0.167,0.167],"y":[0.275,0.275]},"t":35,"s":[101.159,101.159]},{"i":{"x":[0.833,0.833],"y":[0.852,0.852]},"o":{"x":[0.167,0.167],"y":[0.132,0.132]},"t":36,"s":[100.846,100.846]},{"i":{"x":[0.833,0.833],"y":[0.884,0.884]},"o":{"x":[0.167,0.167],"y":[0.191,0.191]},"t":37,"s":[100.314,100.314]},{"i":{"x":[0.833,0.833],"y":[0.789,0.789]},"o":{"x":[0.167,0.167],"y":[0.294,0.294]},"t":38,"s":[99.904,99.904]},{"i":{"x":[0.833,0.833],"y":[0.864,0.864]},"o":{"x":[0.167,0.167],"y":[0.138,0.138]},"t":39,"s":[99.741,99.741]},{"i":{"x":[0.833,0.833],"y":[0.89,0.89]},"o":{"x":[0.167,0.167],"y":[0.214,0.214]},"t":40,"s":[99.493,99.493]},{"i":{"x":[0.833,0.833],"y":[0.832,0.832]},"o":{"x":[0.167,0.167],"y":[0.348,0.348]},"t":41,"s":[99.336,99.336]},{"i":{"x":[0.833,0.833],"y":[0.92,0.92]},"o":{"x":[0.167,0.167],"y":[0.165,0.165]},"t":42,"s":[99.286,99.286]},{"i":{"x":[0.833,0.833],"y":[0.197,0.197]},"o":{"x":[0.167,0.167],"y":[-2.153,-2.153]},"t":43,"s":[99.235,99.235]},{"i":{"x":[0.833,0.833],"y":[0.633,0.633]},"o":{"x":[0.167,0.167],"y":[0.093,0.093]},"t":44,"s":[99.237,99.237]},{"i":{"x":[0.833,0.833],"y":[0.801,0.801]},"o":{"x":[0.167,0.167],"y":[0.108,0.108]},"t":45,"s":[99.253,99.253]},{"i":{"x":[0.833,0.833],"y":[0.87,0.87]},"o":{"x":[0.167,0.167],"y":[0.144,0.144]},"t":46,"s":[99.309,99.309]},{"i":{"x":[0.833,0.833],"y":[0.741,0.741]},"o":{"x":[0.167,0.167],"y":[0.231,0.231]},"t":47,"s":[99.386,99.386]},{"i":{"x":[0.833,0.833],"y":[0.832,0.832]},"o":{"x":[0.167,0.167],"y":[0.123,0.123]},"t":48,"s":[99.429,99.429]},{"i":{"x":[0.833,0.833],"y":[0.876,0.876]},"o":{"x":[0.167,0.167],"y":[0.166,0.166]},"t":49,"s":[99.52,99.52]},{"i":{"x":[0.833,0.833],"y":[0.759,0.759]},"o":{"x":[0.167,0.167],"y":[0.255,0.255]},"t":50,"s":[99.613,99.613]},{"i":{"x":[0.833,0.833],"y":[0.842,0.842]},"o":{"x":[0.167,0.167],"y":[0.127,0.127]},"t":51,"s":[99.658,99.658]},{"i":{"x":[0.833,0.833],"y":[0.879,0.879]},"o":{"x":[0.167,0.167],"y":[0.176,0.176]},"t":52,"s":[99.743,99.743]},{"i":{"x":[0.833,0.833],"y":[0.77,0.77]},"o":{"x":[0.167,0.167],"y":[0.269,0.269]},"t":53,"s":[99.819,99.819]},{"i":{"x":[0.833,0.833],"y":[0.849,0.849]},"o":{"x":[0.167,0.167],"y":[0.131,0.131]},"t":54,"s":[99.854,99.854]},{"i":{"x":[0.833,0.833],"y":[0.882,0.882]},"o":{"x":[0.167,0.167],"y":[0.186,0.186]},"t":55,"s":[99.914,99.914]},{"i":{"x":[0.833,0.833],"y":[0.782,0.782]},"o":{"x":[0.167,0.167],"y":[0.283,0.283]},"t":56,"s":[99.963,99.963]},{"i":{"x":[0.833,0.833],"y":[0.857,0.857]},"o":{"x":[0.167,0.167],"y":[0.135,0.135]},"t":57,"s":[99.983,99.983]},{"i":{"x":[0.833,0.833],"y":[0.833,0.833]},"o":{"x":[0.167,0.167],"y":[0.2,0.2]},"t":58,"s":[100.017,100.017]},{"t":59,"s":[100.04,100.04]}],"ix":3},"r":{"a":0,"k":0,"ix":6},"o":{"a":0,"k":100,"ix":7},"sk":{"a":0,"k":0,"ix":4},"sa":{"a":0,"k":0,"ix":5},"nm":"Transform"}],"nm":"Group 1","np":1,"cix":2,"bm":0,"ix":1,"mn":"ADBE Vector Group","hd":false},{"ty":"mm","mm":4,"nm":"Merge Paths 1","mn":"ADBE Vector Filter - Merge","hd":false},{"ty":"fl","c":{"a":0,"k":[1,1,1,1],"ix":4},"o":{"a":0,"k":100,"ix":5},"r":1,"bm":0,"nm":"Fill 1","mn":"ADBE Vector Graphic - Fill","hd":false},{"ty":"tr","p":{"a":0,"k":[209.718,203.384],"ix":2},"a":{"a":0,"k":[0,0],"ix":1},"s":{"a":0,"k":[100,100],"ix":3},"r":{"a":0,"k":0,"ix":6},"o":{"a":0,"k":100,"ix":7},"sk":{"a":0,"k":0,"ix":4},"sa":{"a":0,"k":0,"ix":5},"nm":"Transform"}],"nm":"Group 4","np":3,"cix":2,"bm":0,"ix":2,"mn":"ADBE Vector Group","hd":false}],"ip":0,"op":180,"st":0,"ct":1,"bm":0}],"markers":[],"props":{}}