{"tgs":1,"v":"5.5.2","fr":60,"ip":0,"op":125,"w":512,"h":512,"nm":"Prem Star Move 5","ddd":0,"assets":[],"layers":[{"ddd":0,"ind":1,"ty":4,"nm":"Star Main 3","sr":1,"ks":{"p":{"a":0,"k":[256.061,259.332,0]},"a":{"a":0,"k":[0.061,3.332,0]},"s":{"a":1,"k":[{"i":{"x":[0.4,0.4,0.4],"y":[1,1,1]},"o":{"x":[0.1,0.1,0.1],"y":[0,0,0]},"t":89,"s":[25,25,100]},{"i":{"x":[0.7,0.7,0.7],"y":[1,1,1]},"o":{"x":[0.6,0.6,0.6],"y":[0,0,0]},"t":103,"s":[120,120,100]},{"i":{"x":[0.5,0.5,0.5],"y":[1,1,1]},"o":{"x":[0.3,0.3,0.3],"y":[0,0,0]},"t":112,"s":[90,90,100]},{"t":124,"s":[100,100,100]}]}},"ao":0,"shapes":[{"ty":"gr","it":[{"ind":0,"ty":"sh","ks":{"a":0,"k":{"i":[[0,0],[0,0],[-5.3,8.6],[0,0]],"o":[[0,0],[9.9,-1.4],[0,0],[0,0]],"v":[[-162.5,-33],[-71.2,-45.9],[-45.5,-63.8],[-0.1,-152.2]],"c":false}},"nm":"Path 1","hd":false},{"ty":"st","c":{"a":0,"k":[1,1,1,1]},"o":{"a":0,"k":100},"w":{"a":0,"k":17},"lc":2,"lj":2,"bm":0,"nm":"Stroke 1","hd":false},{"ty":"tr","p":{"a":0,"k":[0,0]},"a":{"a":0,"k":[0,0]},"s":{"a":0,"k":[100,100]},"r":{"a":0,"k":0},"o":{"a":1,"k":[{"i":{"x":[0.3],"y":[1]},"o":{"x":[0.167],"y":[0.167]},"t":96,"s":[0]},{"t":124,"s":[100]}]},"sk":{"a":0,"k":0},"sa":{"a":0,"k":0},"nm":"Transform"}],"nm":"Blik","bm":0,"hd":false},{"ty":"gr","it":[{"ind":0,"ty":"sh","ks":{"a":1,"k":[{"i":{"x":0.833,"y":0.833},"o":{"x":0.1,"y":0},"t":89,"s":[{"i":[[0,0],[5.4,11],[0,0],[1.5,0.7],[1.9,-3.9],[0,0],[10,-1.3],[0,0],[1.6,-2.1],[-4.3,-3.6],[0,0],[-12.3,1.7],[0,0],[32.419,-18.071],[-6.498,-15.36],[-5.92,1.887]],"o":[[-40.332,-2.996],[0,0],[-0.8,-1.6],[-2.7,-1.2],[0,0],[-4.5,9],[0,0],[-2.6,0.3],[-2.8,3.8],[0,0],[9.6,7.9],[0,0],[11.743,-2.071],[-17.581,6.179],[27.927,-15.026],[17.83,-20.363]],"v":[[104.65,-49],[47.8,-72.8],[6.2,-158],[2.5,-161.5],[-7.4,-158],[-52.2,-70],[-75.4,-53.4],[-163.1,-41.4],[-169.8,-38],[-167.1,-22.8],[-133.7,4.6],[-100.2,14.7],[3.7,-0.3],[8.4,36.075],[-92.683,101.114],[168.738,-27.633]],"c":true}]},{"i":{"x":0.833,"y":0.833},"o":{"x":0.167,"y":0.167},"t":93,"s":[{"i":[[0,0],[5.4,11],[0,0],[1.5,0.7],[1.9,-3.9],[0,0],[10,-1.3],[0,0],[1.6,-2.1],[-4.3,-3.6],[0,0],[-12.3,1.7],[0,0],[-3.927,-15.409],[24.662,-9.89],[-4.717,2.248]],"o":[[-26.7,-2.6],[0,0],[-0.8,-1.6],[-2.7,-1.2],[0,0],[-4.5,9],[0,0],[-2.6,0.3],[-2.8,3.8],[0,0],[9.6,7.9],[0,0],[9.938,-1.658],[-3.085,2.323],[16.048,-8.635],[4.933,-8.207]],"v":[[92.236,-50.674],[47.8,-72.8],[6.2,-158],[2.5,-161.5],[-7.4,-158],[-52.2,-70],[-75.4,-53.4],[-163.1,-41.4],[-169.8,-38],[-167.1,-22.8],[-133.7,4.6],[-100.2,14.7],[-9.893,1.642],[23.53,12.576],[5.89,38.772],[128.984,-40.492]],"c":true}]},{"i":{"x":0.4,"y":1},"o":{"x":0.167,"y":0.167},"t":95,"s":[{"i":[[0,0],[5.4,11],[0,0],[1.5,0.7],[1.9,-3.9],[0,0],[10,-1.3],[0,0],[1.6,-2.1],[-4.3,-3.6],[0,0],[-12.3,1.7],[0,0],[-6.702,0.917],[-4.054,-7.358],[-4.048,2.448]],"o":[[-19.12,-2.38],[0,0],[-0.8,-1.6],[-2.7,-1.2],[0,0],[-4.5,9],[0,0],[-2.6,0.3],[-2.8,3.8],[0,0],[9.6,7.9],[0,0],[8.935,-1.428],[4.975,0.178],[9.443,-5.081],[-2.239,-1.448]],"v":[[85.334,-51.604],[47.8,-72.8],[6.2,-158],[2.5,-161.5],[-7.4,-158],[-52.2,-70],[-75.4,-53.4],[-163.1,-41.4],[-169.8,-38],[-167.1,-22.8],[-133.7,4.6],[-100.2,14.7],[-17.451,2.722],[4.917,-0.491],[21.337,7.046],[106.878,-47.643]],"c":true}]},{"i":{"x":0.833,"y":0.833},"o":{"x":0.6,"y":0},"t":103,"s":[{"i":[[0,0],[5.4,11],[0,0],[1.5,0.7],[1.9,-3.9],[0,0],[10,-1.3],[0,0],[1.6,-2.1],[-4.3,-3.6],[0,0],[-12.3,1.7],[0,0],[0,0],[0,0],[-3.092,2.735]],"o":[[-29.805,-1.848],[0,0],[-0.8,-1.6],[-2.7,-1.2],[0,0],[-4.5,9],[0,0],[-2.6,0.3],[-2.8,3.8],[0,0],[9.6,7.9],[0,0],[7.5,-1.1],[0,0],[0,0],[0,0]],"v":[[93.509,-50.543],[47.8,-72.8],[6.2,-158],[2.5,-161.5],[-7.4,-158],[-52.2,-70],[-75.4,-53.4],[-163.1,-41.4],[-169.8,-38],[-167.1,-22.8],[-133.7,4.6],[-100.2,14.7],[-28.257,4.265],[-10.709,1.374],[-0.361,0.078],[90.056,-51.213]],"c":true}]},{"i":{"x":0.7,"y":1},"o":{"x":0.167,"y":0.167},"t":108,"s":[{"i":[[0,0],[5.4,11],[0,0],[1.5,0.7],[1.9,-3.9],[0,0],[10,-1.3],[0,0],[1.6,-2.1],[-4.3,-3.6],[0,0],[-12.3,1.7],[0,0],[-4.011,-1.969],[-0.939,-2.083],[-17.77,9.867]],"o":[[-10.279,-1.77],[0,0],[-0.8,-1.6],[-2.7,-1.2],[0,0],[-4.5,9],[0,0],[-2.6,0.3],[-2.8,3.8],[0,0],[9.6,7.9],[0,0],[7.5,-1.1],[0.42,0.206],[14.603,-7.857],[0,0]],"v":[[75.693,-52.707],[47.8,-72.8],[6.2,-158],[2.5,-161.5],[-7.4,-158],[-52.2,-70],[-75.4,-53.4],[-163.1,-41.4],[-169.8,-38],[-167.1,-22.8],[-133.7,4.6],[-100.2,14.7],[-11.546,1.878],[11.739,0.561],[20.432,6.288],[105.366,-48.835]],"c":true}]},{"i":{"x":0.5,"y":1},"o":{"x":0.3,"y":0},"t":112,"s":[{"i":[[0,0],[5.4,11],[0,0],[1.5,0.7],[1.9,-3.9],[0,0],[10,-1.3],[0,0],[1.6,-2.1],[-4.3,-3.6],[0,0],[-12.3,1.7],[0,0],[-3.4,-6.7],[-1.796,-3.984],[-31.162,16.374]],"o":[[-12.1,-1.5],[0,0],[-0.8,-1.6],[-2.7,-1.2],[0,0],[-4.5,9],[0,0],[-2.6,0.3],[-2.8,3.8],[0,0],[9.6,7.9],[0,0],[7.5,-1.1],[0.4,0.8],[27.927,-15.026],[0,0]],"v":[[75.9,-52.5],[47.8,-72.8],[6.2,-158],[2.5,-161.5],[-7.4,-158],[-52.2,-70],[-75.4,-53.4],[-163.1,-41.4],[-169.8,-38],[-167.1,-22.8],[-133.7,4.6],[-100.2,14.7],[3.7,-0.3],[21.9,9.2],[23.456,15.003],[129.905,-45.633]],"c":true}]},{"t":124,"s":[{"i":[[0,0],[5.4,11],[0,0],[1.5,0.7],[1.9,-3.9],[0,0],[10,-1.3],[0,0],[1.6,-2.1],[-4.3,-3.6],[0,0],[-12.3,1.7],[0,0],[-3.4,-6.7],[-0.3,-0.8],[-31.1,21.1]],"o":[[-12.1,-1.5],[0,0],[-0.8,-1.6],[-2.7,-1.2],[0,0],[-4.5,9],[0,0],[-2.6,0.3],[-2.8,3.8],[0,0],[9.6,7.9],[0,0],[7.5,-1.1],[0.4,0.8],[27,-15.7],[0,0]],"v":[[75.9,-52.5],[47.8,-72.8],[6.2,-158],[2.5,-161.5],[-7.4,-158],[-52.2,-70],[-75.4,-53.4],[-163.1,-41.4],[-169.8,-38],[-167.1,-22.8],[-133.7,4.6],[-100.2,14.7],[3.7,-0.3],[21.9,9.2],[22.9,11.6],[118.1,-47.3]],"c":true}]}]},"nm":"Path 1","hd":false},{"ty":"fl","c":{"a":0,"k":[1,0.850980401039,0.403921574354,1]},"o":{"a":0,"k":100},"r":1,"bm":0,"nm":"Fill 1","hd":false},{"ty":"tr","p":{"a":0,"k":[0,0]},"a":{"a":0,"k":[0,0]},"s":{"a":0,"k":[100,100]},"r":{"a":0,"k":0},"o":{"a":0,"k":100},"sk":{"a":0,"k":0},"sa":{"a":0,"k":0},"nm":"Transform"}],"nm":"Shine","bm":0,"hd":false},{"ty":"gr","it":[{"ind":0,"ty":"sh","ks":{"a":0,"k":{"i":[[0.8,6.4],[0,0],[-6.4,6.1],[0,0],[0,2.1],[4.9,0.6],[0,0],[5.4,11],[0,0],[1.6,0.7],[1.9,-4],[0,0],[10,-1.3],[0,0],[1.6,-2.1],[-4.3,-3.6],[0,0],[-12.3,1.7],[0,0],[-3.4,-6.7],[8.6,-4.4],[0,0],[2.4,-16.9],[0,0],[-1.3,-1.4],[-4.4,2.2],[0,0],[-9.1,-5],[0,0],[-2.3,0.5]],"o":[[0,0],[-1,-8],[0,0],[1.5,-1.5],[0,-5.1],[0,0],[-12.1,-1.5],[0,0],[-0.8,-1.6],[-2.1,-1],[0,0],[-4.5,9],[0,0],[-2.6,0.3],[-2.7,3.5],[0,0],[9.6,7.9],[0,0],[7.5,-1.1],[4.3,8.6],[0,0],[-15,7.7],[0,0],[-0.3,1.9],[3.3,3.7],[0,0],[10.4,-5.3],[0,0],[2.1,1.1],[5,-1.2]],"v":[[103.5,155.7],[91.8,62.9],[100,41.5],[168.7,-26.6],[171,-33.3],[162.7,-41.9],[75.9,-52.5],[47.8,-72.8],[6.2,-158],[1.8,-161.6],[-6.7,-157.5],[-52.2,-70],[-75.4,-53.4],[-163.1,-41.4],[-169.8,-38],[-167.1,-22.8],[-133.7,4.6],[-100.2,14.7],[3.7,-0.3],[21.9,9.2],[13.8,32.5],[-70,75.5],[-97.7,114.7],[-103.6,157.3],[-101.7,163.5],[-90.3,166.1],[-15.4,127.5],[14.8,128.1],[87.1,167.8],[94.8,168.8]],"c":true}},"nm":"Path 1","hd":false},{"ty":"gf","o":{"a":0,"k":100},"r":1,"bm":0,"g":{"p":3,"k":{"a":0,"k":[0,1,0.635,0,0.5,1,0.755,0.184,1,1,0.875,0.369]}},"s":{"a":0,"k":[93.279,197.903]},"e":{"a":0,"k":[-47.232,-173.304]},"t":1,"nm":"Gradient_vXQH2uPf7C","hd":false},{"ty":"tr","p":{"a":0,"k":[0,0]},"a":{"a":0,"k":[0,0]},"s":{"a":0,"k":[100,100]},"r":{"a":0,"k":0},"o":{"a":0,"k":100},"sk":{"a":0,"k":0},"sa":{"a":0,"k":0},"nm":"Transform"}],"nm":"Front","bm":0,"hd":false},{"ty":"gr","it":[{"ind":0,"ty":"sh","ks":{"a":0,"k":{"i":[[-2.6,5.3],[0,0],[-10.5,-5],[-2,-4.2],[0,0],[-7.8,-1],[0,0],[1.5,-12.4],[3.6,-3.6],[0,0],[-0.5,-4],[0,0],[13.5,-1.7],[4.6,2.5],[0,0],[5.5,-2.9],[0,0],[5.6,11.1],[-0.8,5.6],[0,0],[-19,9.8],[0,0],[7.5,-1],[0,0],[12.7,10.4],[0,0],[-8.2,10.2],[-5.9,0.8],[0,0]],"o":[[0,0],[5.2,-10.1],[4.1,2],[0,0],[3.5,7.2],[0,0],[13.1,1.6],[-0.6,5.1],[0,0],[-2.9,2.9],[0,0],[1.7,13.7],[-5.1,0.6],[0,0],[-7,-3.6],[0,0],[-11,5.7],[-2.1,-4.2],[0,0],[3.2,-23.3],[0,0],[5.1,-3],[0,0],[-16.2,2.3],[0,0],[-9.7,-7.6],[3.8,-4.7],[0,0],[5.8,-0.6]],"v":[[-65.7,-78.7],[-20.4,-168.7],[9.3,-178.3],[19.6,-168.3],[62.7,-80.4],[79.7,-68.6],[168.4,-58],[189.3,-30.9],[182.8,-16.8],[111.8,53.5],[108.7,63.7],[120.2,158.8],[97.5,186.8],[81.9,184.3],[8.2,143.7],[-9.2,143.2],[-85.6,182.8],[-117.5,172.9],[-120.5,158.7],[-114.6,115.6],[-78.4,63],[2.5,20.9],[0.4,16.1],[-99.8,29.8],[-146.1,15.9],[-180.9,-13],[-184.1,-47.7],[-168.3,-57.5],[-77.9,-69.2]],"c":true}},"nm":"Path 1","hd":false},{"ty":"gs","o":{"a":0,"k":100},"w":{"a":0,"k":8},"g":{"p":3,"k":{"a":1,"k":[{"i":{"x":0.833,"y":0.833},"o":{"x":0.167,"y":0.167},"t":99,"s":[0,1,1,1,0.5,1,1,1,1,1,1,1]},{"t":112,"s":[0,0.796,0.439,0,0.5,0.782,0.4,0,1,0.769,0.361,0]}]}},"s":{"a":0,"k":[-1,-171]},"e":{"a":0,"k":[1.73,184.29]},"t":1,"lc":2,"lj":2,"bm":0,"nm":"Gradient_oh7KTufb2R","hd":false},{"ty":"gf","o":{"a":0,"k":100},"r":1,"bm":0,"g":{"p":3,"k":{"a":1,"k":[{"i":{"x":0.833,"y":0.833},"o":{"x":0.167,"y":0.167},"t":99,"s":[0.002,1,1,1,0.501,1,1,1,1,1,1,1]},{"t":112,"s":[0,1,0.714,0,0.5,0.965,0.612,0,1,0.929,0.51,0]}]}},"s":{"a":0,"k":[-0.953,-180.679]},"e":{"a":0,"k":[1.58,188.35]},"t":1,"nm":"Gradient_UUJnFZtDrL","hd":false},{"ty":"tr","p":{"a":0,"k":[0,0]},"a":{"a":0,"k":[0,0]},"s":{"a":0,"k":[100,100]},"r":{"a":0,"k":0},"o":{"a":0,"k":100},"sk":{"a":0,"k":0},"sa":{"a":0,"k":0},"nm":"Transform"}],"nm":"Back","bm":0,"hd":false}],"ip":89,"op":250,"st":70,"bm":0},{"ddd":0,"ind":2,"ty":4,"nm":"Circle","sr":1,"ks":{"p":{"a":0,"k":[256,256,0]},"a":{"a":0,"k":[27,-21,0]},"s":{"a":0,"k":[90,90,100]}},"ao":0,"shapes":[{"ty":"gr","it":[{"ind":0,"ty":"sh","ks":{"a":1,"k":[{"i":{"x":0.3,"y":0.937},"o":{"x":0.167,"y":0.167},"t":71,"s":[{"i":[[-32.523,0],[0,-32.523],[32.523,0],[0,32.523]],"o":[[32.523,0],[0,32.523],[-32.523,0],[0,-32.523]],"v":[[0,-58.889],[58.889,0],[0,58.889],[-58.889,0]],"c":true}]},{"i":{"x":0.833,"y":0.833},"o":{"x":0.064,"y":0.006},"t":87,"s":[{"i":[[-149.117,0],[0,-149.117],[149.117,0],[0,149.117]],"o":[[149.117,0],[0,149.117],[-149.117,0],[0,-149.117]],"v":[[0,-270],[270,0],[0,270],[-270,0]],"c":true}]},{"t":93,"s":[{"i":[[-155.867,0],[0,-155.867],[155.867,0],[0,155.867]],"o":[[155.867,0],[0,155.867],[-155.867,0],[0,-155.867]],"v":[[0,-282.222],[282.222,0],[0,282.222],[-282.222,0]],"c":true}]}]},"nm":"Path 1","hd":false},{"ind":1,"ty":"sh","ks":{"a":1,"k":[{"i":{"x":0.4,"y":1},"o":{"x":0.167,"y":0.167},"t":77,"s":[{"i":[[-0.276,0],[0,0.276],[0.276,0],[0,-0.276]],"o":[[0.276,0],[0,-0.276],[-0.276,0],[0,0.276]],"v":[[0,0.5],[0.5,0],[0,-0.5],[-0.5,0]],"c":true}]},{"t":93,"s":[{"i":[[154.64,0],[0,-154.64],[-154.64,0],[0,154.64]],"o":[[-154.64,0],[0,154.64],[154.64,0],[0,-154.64]],"v":[[0,-280],[-280,0],[0,280],[280,0]],"c":true}]}]},"nm":"Path 2","hd":false},{"ty":"fl","c":{"a":0,"k":[1,1,1,1]},"o":{"a":0,"k":100},"r":1,"bm":0,"nm":"Fill 1","hd":false},{"ty":"tr","p":{"a":0,"k":[27,-21]},"a":{"a":0,"k":[0,0]},"s":{"a":0,"k":[100,100]},"r":{"a":0,"k":0},"o":{"a":0,"k":100},"sk":{"a":0,"k":0},"sa":{"a":0,"k":0},"nm":"Transform"}],"nm":"Ellipse 1","bm":0,"hd":false}],"ip":71,"op":91,"st":71,"bm":0},{"ddd":0,"ind":3,"ty":4,"nm":"Lines","sr":1,"ks":{"p":{"a":0,"k":[256.045,256.045,0]},"a":{"a":0,"k":[0.05,0.05,0]},"s":{"a":0,"k":[90,90,100]}},"ao":0,"shapes":[{"ty":"gr","it":[{"ind":0,"ty":"sh","ks":{"a":0,"k":{"i":[[0,0],[0,0]],"o":[[0,0],[0,0]],"v":[[280.296,47.88],[31.05,2.05]],"c":false}},"nm":"Path 1","hd":false},{"ty":"st","c":{"a":0,"k":[1,1,1,1]},"o":{"a":0,"k":100},"w":{"a":1,"k":[{"i":{"x":[0.833],"y":[0.833]},"o":{"x":[0.167],"y":[0.167]},"t":87,"s":[100]},{"t":99,"s":[10]}]},"lc":2,"lj":2,"bm":0,"nm":"Stroke 1","hd":false},{"ty":"tr","p":{"a":0,"k":[0,0]},"a":{"a":0,"k":[0,0]},"s":{"a":0,"k":[100,100]},"r":{"a":0,"k":0},"o":{"a":0,"k":100},"sk":{"a":0,"k":0},"sa":{"a":0,"k":0},"nm":"Transform"}],"nm":"Group 1","bm":0,"hd":false},{"ty":"gr","it":[{"ind":0,"ty":"sh","ks":{"a":0,"k":{"i":[[0,0],[0,0]],"o":[[0,0],[0,0]],"v":[[256.515,247.158],[21.606,17.606]],"c":false}},"nm":"Path 1","hd":false},{"ty":"st","c":{"a":0,"k":[1,1,1,1]},"o":{"a":0,"k":100},"w":{"a":1,"k":[{"i":{"x":[0.833],"y":[0.833]},"o":{"x":[0.167],"y":[0.167]},"t":87,"s":[100]},{"t":99,"s":[10]}]},"lc":2,"lj":2,"bm":0,"nm":"Stroke 1","hd":false},{"ty":"tr","p":{"a":0,"k":[0,0]},"a":{"a":0,"k":[0,0]},"s":{"a":0,"k":[100,100]},"r":{"a":0,"k":0},"o":{"a":0,"k":100},"sk":{"a":0,"k":0},"sa":{"a":0,"k":0},"nm":"Transform"}],"nm":"Group 2","bm":0,"hd":false},{"ty":"gr","it":[{"ind":0,"ty":"sh","ks":{"a":0,"k":{"i":[[0,0],[0,0]],"o":[[0,0],[0,0]],"v":[[0.293,280.767],[0.8,33.05]],"c":false}},"nm":"Path 1","hd":false},{"ty":"st","c":{"a":0,"k":[1,1,1,1]},"o":{"a":0,"k":100},"w":{"a":1,"k":[{"i":{"x":[0.833],"y":[0.833]},"o":{"x":[0.167],"y":[0.167]},"t":87,"s":[100]},{"t":99,"s":[10]}]},"lc":2,"lj":2,"bm":0,"nm":"Stroke 1","hd":false},{"ty":"tr","p":{"a":0,"k":[0,0]},"a":{"a":0,"k":[0,0]},"s":{"a":0,"k":[100,100]},"r":{"a":0,"k":0},"o":{"a":0,"k":100},"sk":{"a":0,"k":0},"sa":{"a":0,"k":0},"nm":"Transform"}],"nm":"Group 3","bm":0,"hd":false},{"ty":"gr","it":[{"ind":0,"ty":"sh","ks":{"a":0,"k":{"i":[[0,0],[0,0]],"o":[[0,0],[0,0]],"v":[[-229.244,256.137],[-21.061,24.494]],"c":false}},"nm":"Path 1","hd":false},{"ty":"st","c":{"a":0,"k":[1,1,1,1]},"o":{"a":0,"k":100},"w":{"a":1,"k":[{"i":{"x":[0.833],"y":[0.833]},"o":{"x":[0.167],"y":[0.167]},"t":87,"s":[100]},{"t":99,"s":[10]}]},"lc":2,"lj":2,"bm":0,"nm":"Stroke 1","hd":false},{"ty":"tr","p":{"a":0,"k":[0,0]},"a":{"a":0,"k":[0,0]},"s":{"a":0,"k":[100,100]},"r":{"a":0,"k":0},"o":{"a":0,"k":100},"sk":{"a":0,"k":0},"sa":{"a":0,"k":0},"nm":"Transform"}],"nm":"Group 4","bm":0,"hd":false},{"ty":"gr","it":[{"ind":0,"ty":"sh","ks":{"a":0,"k":{"i":[[0,0],[0,0]],"o":[[0,0],[0,0]],"v":[[-274.668,73.448],[-27.506,5.05]],"c":false}},"nm":"Path 1","hd":false},{"ty":"st","c":{"a":0,"k":[1,1,1,1]},"o":{"a":0,"k":100},"w":{"a":1,"k":[{"i":{"x":[0.833],"y":[0.833]},"o":{"x":[0.167],"y":[0.167]},"t":87,"s":[100]},{"t":99,"s":[10]}]},"lc":2,"lj":2,"bm":0,"nm":"Stroke 1","hd":false},{"ty":"tr","p":{"a":0,"k":[0,0]},"a":{"a":0,"k":[0,0]},"s":{"a":0,"k":[100,100]},"r":{"a":0,"k":0},"o":{"a":0,"k":100},"sk":{"a":0,"k":0},"sa":{"a":0,"k":0},"nm":"Transform"}],"nm":"Group 5","bm":0,"hd":false},{"ty":"gr","it":[{"ind":0,"ty":"sh","ks":{"a":0,"k":{"i":[[0,0],[0,0]],"o":[[0,0],[0,0]],"v":[[-282.302,-157.983],[0.05,0.05]],"c":false}},"nm":"Path 1","hd":false},{"ty":"st","c":{"a":0,"k":[1,1,1,1]},"o":{"a":0,"k":100},"w":{"a":1,"k":[{"i":{"x":[0.833],"y":[0.833]},"o":{"x":[0.167],"y":[0.167]},"t":87,"s":[100]},{"t":99,"s":[10]}]},"lc":2,"lj":2,"bm":0,"nm":"Stroke 1","hd":false},{"ty":"tr","p":{"a":0,"k":[0,0]},"a":{"a":0,"k":[0,0]},"s":{"a":0,"k":[100,100]},"r":{"a":0,"k":0},"o":{"a":0,"k":100},"sk":{"a":0,"k":0},"sa":{"a":0,"k":0},"nm":"Transform"}],"nm":"Group 6","bm":0,"hd":false},{"ty":"gr","it":[{"ind":0,"ty":"sh","ks":{"a":0,"k":{"i":[[0,0],[0,0]],"o":[[0,0],[0,0]],"v":[[116.54,-278.667],[11.272,-35.839]],"c":false}},"nm":"Path 1","hd":false},{"ty":"st","c":{"a":0,"k":[1,1,1,1]},"o":{"a":0,"k":100},"w":{"a":1,"k":[{"i":{"x":[0.833],"y":[0.833]},"o":{"x":[0.167],"y":[0.167]},"t":87,"s":[100]},{"t":99,"s":[10]}]},"lc":2,"lj":2,"bm":0,"nm":"Stroke 1","hd":false},{"ty":"tr","p":{"a":0,"k":[0,0]},"a":{"a":0,"k":[0,0]},"s":{"a":0,"k":[100,100]},"r":{"a":0,"k":0},"o":{"a":0,"k":100},"sk":{"a":0,"k":0},"sa":{"a":0,"k":0},"nm":"Transform"}],"nm":"Group 7","bm":0,"hd":false},{"ty":"gr","it":[{"ind":0,"ty":"sh","ks":{"a":0,"k":{"i":[[0,0],[0,0]],"o":[[0,0],[0,0]],"v":[[-119.501,-274.658],[-10.95,-32.839]],"c":false}},"nm":"Path 1","hd":false},{"ty":"st","c":{"a":0,"k":[1,1,1,1]},"o":{"a":0,"k":100},"w":{"a":1,"k":[{"i":{"x":[0.833],"y":[0.833]},"o":{"x":[0.167],"y":[0.167]},"t":87,"s":[100]},{"t":99,"s":[10]}]},"lc":2,"lj":2,"bm":0,"nm":"Stroke 1","hd":false},{"ty":"tr","p":{"a":0,"k":[0,0]},"a":{"a":0,"k":[0,0]},"s":{"a":0,"k":[100,100]},"r":{"a":0,"k":0},"o":{"a":0,"k":100},"sk":{"a":0,"k":0},"sa":{"a":0,"k":0},"nm":"Transform"}],"nm":"Group 10","bm":0,"hd":false},{"ty":"gr","it":[{"ind":0,"ty":"sh","ks":{"a":0,"k":{"i":[[0,0],[0,0]],"o":[[0,0],[0,0]],"v":[[282.413,-190.005],[0.05,0.05]],"c":false}},"nm":"Path 1","hd":false},{"ty":"st","c":{"a":0,"k":[1,1,1,1]},"o":{"a":0,"k":100},"w":{"a":1,"k":[{"i":{"x":[0.833],"y":[0.833]},"o":{"x":[0.167],"y":[0.167]},"t":87,"s":[100]},{"t":99,"s":[10]}]},"lc":2,"lj":2,"bm":0,"nm":"Stroke 1","hd":false},{"ty":"tr","p":{"a":0,"k":[0,0]},"a":{"a":0,"k":[0,0]},"s":{"a":0,"k":[100,100]},"r":{"a":0,"k":0},"o":{"a":0,"k":100},"sk":{"a":0,"k":0},"sa":{"a":0,"k":0},"nm":"Transform"}],"nm":"Group 9","bm":0,"hd":false},{"ty":"tm","s":{"a":1,"k":[{"i":{"x":[0.833],"y":[0.833]},"o":{"x":[0.167],"y":[0.167]},"t":85,"s":[100]},{"t":100,"s":[0]}]},"e":{"a":1,"k":[{"i":{"x":[0.833],"y":[0.833]},"o":{"x":[0.167],"y":[0.167]},"t":84,"s":[100]},{"t":99,"s":[0]}]},"o":{"a":0,"k":0},"m":1,"nm":"Trim Paths 1","hd":false}],"ip":87,"op":101,"st":42,"bm":0},{"ddd":0,"ind":4,"ty":3,"nm":"Null 4","sr":1,"ks":{"o":{"a":0,"k":0},"p":{"a":0,"k":[258,269,0]},"s":{"a":1,"k":[{"i":{"x":[0.833,0.833,0.833],"y":[0.833,0.833,0.833]},"o":{"x":[0.167,0.167,0.167],"y":[0.167,0.167,0.167]},"t":1,"s":[100,100,100]},{"i":{"x":[0.833,0.833,0.833],"y":[0.833,0.833,0.833]},"o":{"x":[0.167,0.167,0.167],"y":[0.167,0.167,0.167]},"t":6,"s":[102,98,100]},{"i":{"x":[0.833,0.833,0.833],"y":[0.833,0.833,0.833]},"o":{"x":[0.167,0.167,0.167],"y":[0.167,0.167,0.167]},"t":11,"s":[98,102,100]},{"i":{"x":[0.833,0.833,0.833],"y":[0.833,0.833,0.833]},"o":{"x":[0.167,0.167,0.167],"y":[0.167,0.167,0.167]},"t":16,"s":[103,97,100]},{"i":{"x":[0.833,0.833,0.833],"y":[0.833,0.833,0.833]},"o":{"x":[0.167,0.167,0.167],"y":[0.167,0.167,0.167]},"t":21,"s":[98,102,100]},{"i":{"x":[0.833,0.833,0.833],"y":[0.833,0.833,0.833]},"o":{"x":[0.167,0.167,0.167],"y":[0.167,0.167,0.167]},"t":26,"s":[102,98,100]},{"i":{"x":[0.833,0.833,0.833],"y":[0.833,0.833,0.833]},"o":{"x":[0.167,0.167,0.167],"y":[0.167,0.167,0.167]},"t":31,"s":[98,102,100]},{"i":{"x":[0.833,0.833,0.833],"y":[0.833,0.833,0.833]},"o":{"x":[0.167,0.167,0.167],"y":[0.167,0.167,0.167]},"t":36,"s":[104,95,100]},{"i":{"x":[0.833,0.833,0.833],"y":[0.833,0.833,0.833]},"o":{"x":[0.167,0.167,0.167],"y":[0.167,0.167,0.167]},"t":41,"s":[98,102,100]},{"i":{"x":[0.833,0.833,0.833],"y":[0.833,0.833,0.833]},"o":{"x":[0.167,0.167,0.167],"y":[0.167,0.167,0.167]},"t":46,"s":[103,97,100]},{"i":{"x":[0.833,0.833,0.833],"y":[0.833,0.833,0.833]},"o":{"x":[0.167,0.167,0.167],"y":[0.167,0.167,0.167]},"t":50,"s":[98,102,100]},{"i":{"x":[0.833,0.833,0.833],"y":[0.833,0.833,0.833]},"o":{"x":[0.167,0.167,0.167],"y":[0.167,0.167,0.167]},"t":54,"s":[102,98,100]},{"i":{"x":[0.833,0.833,0.833],"y":[0.833,0.833,0.833]},"o":{"x":[0.167,0.167,0.167],"y":[0.167,0.167,0.167]},"t":58,"s":[96,104,100]},{"i":{"x":[0.833,0.833,0.833],"y":[0.833,0.833,0.833]},"o":{"x":[0.167,0.167,0.167],"y":[0.167,0.167,0.167]},"t":62,"s":[102,98,100]},{"i":{"x":[0.833,0.833,0.833],"y":[0.833,0.833,0.833]},"o":{"x":[0.167,0.167,0.167],"y":[0.167,0.167,0.167]},"t":66,"s":[97,103,100]},{"i":{"x":[0.833,0.833,0.833],"y":[0.833,0.833,0.833]},"o":{"x":[0.167,0.167,0.167],"y":[0.167,0.167,0.167]},"t":69,"s":[104,96,100]},{"i":{"x":[0.833,0.833,0.833],"y":[0.833,0.833,0.833]},"o":{"x":[0.167,0.167,0.167],"y":[0.167,0.167,0.167]},"t":72,"s":[96,104,100]},{"i":{"x":[0.833,0.833,0.833],"y":[0.833,0.833,0.833]},"o":{"x":[0.167,0.167,0.167],"y":[0.167,0.167,0.167]},"t":75,"s":[103,96,100]},{"i":{"x":[0.833,0.833,0.833],"y":[0.833,0.833,0.833]},"o":{"x":[0.167,0.167,0.167],"y":[0.167,0.167,0.167]},"t":77,"s":[98,102,100]},{"t":79,"s":[109.421,99,100]}]}},"ao":0,"ip":0,"op":77,"st":0,"bm":0},{"ddd":0,"ind":5,"ty":4,"nm":"Star Main Flash","parent":6,"sr":1,"ks":{"o":{"a":1,"k":[{"i":{"x":[0.833],"y":[0.833]},"o":{"x":[0.29],"y":[0]},"t":58,"s":[0]},{"t":76,"s":[80]}]},"p":{"a":0,"k":[1.061,17.332,0]},"a":{"a":0,"k":[1.061,17.332,0]}},"ao":0,"shapes":[{"ty":"gr","it":[{"ty":"gr","it":[{"ind":0,"ty":"sh","ks":{"a":1,"k":[{"i":{"x":0.5,"y":1},"o":{"x":0.4,"y":0},"t":0,"s":[{"i":[[-2.6,5.3],[0,0],[-10.5,-5],[-2,-4.2],[0,0],[-7.8,-1],[0,0],[1.5,-12.4],[3.6,-3.6],[0,0],[-0.5,-4],[0,0],[13.5,-1.7],[4.6,2.5],[0,0],[5.5,-2.9],[0,0],[5.6,11.1],[-0.8,5.6],[0,0],[-19,9.8],[0,0],[7.5,-1],[0,0],[12.7,10.4],[0,0],[-8.2,10.2],[-5.9,0.8],[0,0]],"o":[[0,0],[5.2,-10.1],[4.1,2],[0,0],[3.5,7.2],[0,0],[13.1,1.6],[-0.6,5.1],[0,0],[-2.9,2.9],[0,0],[1.7,13.7],[-5.1,0.6],[0,0],[-7,-3.6],[0,0],[-11,5.7],[-2.1,-4.2],[0,0],[3.2,-23.3],[0,0],[5.1,-3],[0,0],[-16.2,2.3],[0,0],[-9.7,-7.6],[3.8,-4.7],[0,0],[5.8,-0.6]],"v":[[-65.7,-78.7],[-20.4,-168.7],[9.3,-178.3],[19.6,-168.3],[62.7,-80.4],[79.7,-68.6],[168.4,-58],[189.3,-30.9],[182.8,-16.8],[111.8,53.5],[108.7,63.7],[120.2,158.8],[97.5,186.8],[81.9,184.3],[8.2,143.7],[-9.2,143.2],[-85.6,182.8],[-117.5,172.9],[-120.5,158.7],[-114.6,115.6],[-78.4,63],[2.5,20.9],[0.4,16.1],[-99.8,29.8],[-146.1,15.9],[-180.9,-13],[-184.1,-47.7],[-168.3,-57.5],[-77.9,-69.2]],"c":true}]},{"t":72,"s":[{"i":[[-5.335,6.709],[0,0],[-9.326,-5.7],[-2.823,-3.052],[-15.103,-22.59],[-9.745,-4.891],[-25.757,-17.992],[2.862,-12.158],[2.241,-4.473],[25.151,-33.027],[1.248,-5.236],[6.609,-46.211],[15.419,-1.7],[8.158,0.721],[0,0],[7.848,-2.504],[0,0],[6.352,11.122],[1.145,10.361],[0,0],[-18.081,12.437],[-41.786,22.189],[8.594,-2.988],[26.025,-1.286],[13.727,4.954],[0,0],[-6.802,11.181],[-7.155,5.381],[0,0]],"o":[[24.186,-30.416],[11.248,-10.665],[4.112,2],[0,0],[4.782,7.152],[0,0],[9.905,6.919],[-1.177,4.999],[0,0],[-3.535,4.642],[0,0],[-1.486,10.39],[-5.825,0.6],[-39.568,-3.499],[-5.448,-1.8],[-32.596,10.399],[-15.188,2.11],[-2.399,-4.2],[-1.145,-10.361],[3.655,-23.3],[0,0],[7.065,-3.752],[0,0],[-15.438,0.763],[-17.009,-6.138],[-7.962,-7.387],[3.141,-5.164],[23.53,-17.697],[3.994,-3.159]],"v":[[-80.807,-104.57],[-23.131,-169.111],[10.437,-177.273],[22.547,-168.711],[76.225,-108.082],[98.129,-91.431],[172.572,-51.042],[189.584,-20.302],[185.083,-6.006],[145.48,58.297],[141.433,70.736],[137.091,158.8],[111.163,186.8],[92.9,186.56],[10.96,168.3],[-13.276,167.69],[-97.078,184.855],[-134.403,172.9],[-137.83,158.7],[-136.007,120.598],[-106.65,73.032],[-15.725,16.025],[-19.968,6.315],[-102.678,18.338],[-145.357,13.948],[-173.971,-4.324],[-181.535,-37.88],[-165.399,-52.981],[-96.395,-92.779]],"c":true}]}]},"nm":"Path 1","hd":false},{"ty":"st","c":{"a":0,"k":[1,0.968626972273,0.788234994926,1]},"o":{"a":0,"k":100},"w":{"a":0,"k":8},"lc":2,"lj":2,"bm":0,"nm":"Stroke 1","hd":false},{"ty":"fl","c":{"a":0,"k":[1,0.969274004768,0.788234994926,1]},"o":{"a":0,"k":100},"r":1,"bm":0,"nm":"Fill 1","hd":false},{"ty":"tr","p":{"a":0,"k":[0,0]},"a":{"a":0,"k":[0,0]},"s":{"a":0,"k":[100,100]},"r":{"a":0,"k":0},"o":{"a":0,"k":100},"sk":{"a":0,"k":0},"sa":{"a":0,"k":0},"nm":"Transform"}],"nm":"Back","bm":0,"hd":false},{"ty":"tr","p":{"a":0,"k":[-100.939,176.332]},"a":{"a":0,"k":[-100.939,176.332]},"s":{"a":0,"k":[100,100]},"r":{"a":0,"k":0},"o":{"a":0,"k":100},"sk":{"a":0,"k":0},"sa":{"a":0,"k":0},"nm":"Transform"}],"nm":"Group 1","bm":0,"hd":false}],"ip":0,"op":77,"st":0,"bm":0},{"ddd":0,"ind":6,"ty":4,"nm":"Star Main","parent":4,"sr":1,"ks":{"p":{"a":1,"k":[{"i":{"x":0.833,"y":0.833},"o":{"x":0.167,"y":0.167},"t":0,"s":[-0.939,4.332,0],"to":[0,0,0],"ti":[0,0,0]},{"i":{"x":0.833,"y":0.833},"o":{"x":0.167,"y":0.167},"t":5,"s":[5.061,4.332,0],"to":[0,0,0],"ti":[0,0,0]},{"i":{"x":0.833,"y":0.833},"o":{"x":0.167,"y":0.167},"t":10,"s":[-3.939,11.332,0],"to":[0,0,0],"ti":[0,0,0]},{"i":{"x":0.833,"y":0.833},"o":{"x":0.167,"y":0.167},"t":15,"s":[-0.939,-2.668,0],"to":[0,0,0],"ti":[0,0,0]},{"i":{"x":0.833,"y":0.833},"o":{"x":0.167,"y":0.167},"t":20,"s":[-9.939,1.332,0],"to":[0,0,0],"ti":[0,0,0]},{"i":{"x":0.833,"y":0.833},"o":{"x":0.167,"y":0.167},"t":25,"s":[-0.939,4.332,0],"to":[0,0,0],"ti":[0,0,0]},{"i":{"x":0.833,"y":0.833},"o":{"x":0.167,"y":0.167},"t":30,"s":[10.341,4.332,0],"to":[0,0,0],"ti":[0,0,0]},{"i":{"x":0.833,"y":0.833},"o":{"x":0.167,"y":0.167},"t":35,"s":[-8.871,12.582,0],"to":[0,0,0],"ti":[0,0,0]},{"i":{"x":0.833,"y":0.833},"o":{"x":0.167,"y":0.167},"t":40,"s":[-0.564,-10.138,0],"to":[0,0,0],"ti":[0,0,0]},{"i":{"x":0.833,"y":0.833},"o":{"x":0.167,"y":0.167},"t":45,"s":[-12.439,1.332,0],"to":[0,0,0],"ti":[0,0,0]},{"i":{"x":0.833,"y":0.833},"o":{"x":0.167,"y":0.167},"t":49,"s":[1.579,11.795,0],"to":[0,0,0],"ti":[0,0,0]},{"i":{"x":0.833,"y":0.833},"o":{"x":0.167,"y":0.167},"t":53,"s":[10.511,-5.744,0],"to":[0,0,0],"ti":[0,0,0]},{"i":{"x":0.833,"y":0.833},"o":{"x":0.167,"y":0.167},"t":57,"s":[-7.689,17.46,0],"to":[0,0,0],"ti":[0,0,0]},{"i":{"x":0.833,"y":0.833},"o":{"x":0.167,"y":0.167},"t":61,"s":[2.811,-10.558,0],"to":[0,0,0],"ti":[0,0,0]},{"i":{"x":0.833,"y":0.833},"o":{"x":0.167,"y":0.167},"t":65,"s":[-18.779,2.582,0],"to":[0,0,0],"ti":[0,0,0]},{"i":{"x":0.833,"y":0.833},"o":{"x":0.167,"y":0.167},"t":68,"s":[11.356,9.374,0],"to":[0,0,0],"ti":[0,0,0]},{"i":{"x":0.833,"y":0.833},"o":{"x":0.167,"y":0.167},"t":71,"s":[5.061,-4.352,0],"to":[0,0,0],"ti":[0,0,0]},{"i":{"x":0.833,"y":0.833},"o":{"x":0.167,"y":0.167},"t":74,"s":[-7.656,17.616,0],"to":[0,0,0],"ti":[0,0,0]},{"t":76,"s":[-4.689,-10.219,0]}]},"a":{"a":0,"k":[1.061,17.332,0]},"s":{"a":1,"k":[{"i":{"x":[0.71,0.71,0.71],"y":[1,1,1]},"o":{"x":[0.4,0.4,0.4],"y":[0,0,0]},"t":10,"s":[100,100,100]},{"t":72,"s":[117,117,100]}]}},"ao":0,"shapes":[{"ty":"gr","it":[{"ty":"gr","it":[{"ind":0,"ty":"sh","ks":{"a":1,"k":[{"i":{"x":0.5,"y":1},"o":{"x":0.4,"y":0},"t":0,"s":[{"i":[[0,0],[0,0],[-5.3,8.6],[0,0]],"o":[[0,0],[9.9,-1.4],[0,0],[0,0]],"v":[[-162.5,-33],[-71.2,-45.9],[-45.5,-63.8],[-0.1,-152.2]],"c":false}]},{"t":72,"s":[{"i":[[-6.84,6.129],[0,0],[-8.429,8.131],[-14.006,13.31]],"o":[[17.027,-15.257],[9.37,-6.18],[0,0],[1.908,-1.813]],"v":[[-156.67,-28.712],[-92.161,-67.944],[-58.248,-88.65],[-0.325,-152.2]],"c":false}]}]},"nm":"Path 1","hd":false},{"ty":"st","c":{"a":0,"k":[1,1,1,1]},"o":{"a":0,"k":100},"w":{"a":0,"k":17},"lc":2,"lj":2,"bm":0,"nm":"Stroke 1","hd":false},{"ty":"tr","p":{"a":0,"k":[0,0]},"a":{"a":0,"k":[0,0]},"s":{"a":0,"k":[100,100]},"r":{"a":0,"k":0},"o":{"a":0,"k":100},"sk":{"a":0,"k":0},"sa":{"a":0,"k":0},"nm":"Transform"}],"nm":"Blik","bm":0,"hd":false},{"ty":"gr","it":[{"ind":0,"ty":"sh","ks":{"a":1,"k":[{"i":{"x":0.833,"y":0.833},"o":{"x":0.4,"y":0},"t":0,"s":[{"i":[[0,0],[5.4,11],[0,0],[1.5,0.7],[1.9,-3.9],[0,0],[10,-1.3],[0,0],[1.6,-2.1],[-4.3,-3.6],[0,0],[-12.3,1.7],[0,0],[-3.4,-6.7],[-0.3,-0.8],[-31.1,21.1]],"o":[[-12.1,-1.5],[0,0],[-0.8,-1.6],[-2.7,-1.2],[0,0],[-4.5,9],[0,0],[-2.6,0.3],[-2.8,3.8],[0,0],[9.6,7.9],[0,0],[7.5,-1.1],[0.4,0.8],[27,-15.7],[0,0]],"v":[[75.9,-52.5],[47.8,-72.8],[6.2,-158],[2.5,-161.5],[-7.4,-158],[-52.2,-70],[-75.4,-53.4],[-163.1,-41.4],[-169.8,-38],[-167.1,-22.8],[-133.7,4.6],[-100.2,14.7],[3.7,-0.3],[21.9,9.2],[22.9,11.6],[118.1,-47.3]],"c":true}]},{"i":{"x":0.833,"y":0.833},"o":{"x":0.167,"y":0.167},"t":29,"s":[{"i":[[0,0],[7.817,13.122],[0,0],[1.502,0.7],[1.902,-3.9],[0,0],[9.544,-2.426],[0,0],[1.485,-2.176],[-4.472,-3.364],[0,0],[-12.111,1.679],[0,0],[-2.848,-13.629],[3.074,-7.224],[-33.542,13.684]],"o":[[-33.001,-6.607],[0,0],[-0.801,-1.6],[-2.703,-1.2],[0,0],[-5.725,7.95],[0,0],[-2.575,0.434],[-2.593,3.933],[0,0],[9.978,7.373],[0,0],[9.577,-1.405],[0.292,1.083],[50.605,-27.322],[-5.778,-3.712]],"v":[[112.919,-51.537],[51.879,-81.772],[6.206,-158],[2.502,-161.5],[-7.409,-158],[-56.845,-78.731],[-82.069,-60.705],[-161.254,-39.662],[-167.754,-35.925],[-164.272,-20.918],[-136.631,-0.567],[-102.523,8.424],[-3.029,-4.819],[19.15,9.225],[18.394,20.836],[154.133,-40.42]],"c":true}]},{"i":{"x":0.5,"y":1},"o":{"x":0.167,"y":0.167},"t":51,"s":[{"i":[[0,0],[10.569,15.538],[0,0],[1.503,0.7],[1.905,-3.9],[0,0],[9.025,-3.708],[0,0],[1.354,-2.262],[-4.669,-3.095],[0,0],[-11.895,1.654],[0,0],[-2.22,-21.518],[20.051,-14.936],[-26.425,5.4]],"o":[[-11.836,-6.276],[0,0],[-0.802,-1.6],[-2.706,-1.2],[0,0],[-7.119,6.755],[0,0],[-2.547,0.587],[-2.356,4.083],[0,0],[10.408,6.773],[0,0],[11.943,-1.752],[0.169,1.405],[77.481,-40.554],[9.299,-10.85]],"v":[[145.72,-42.529],[56.523,-91.987],[6.213,-158],[2.504,-161.5],[-7.42,-158],[-62.135,-88.672],[-89.663,-69.023],[-159.152,-37.683],[-165.424,-33.562],[-161.053,-18.776],[-139.968,-6.451],[-105.168,1.278],[-10.692,-9.964],[16.018,9.254],[-10.879,37.226],[168.93,-23.097]],"c":true}]},{"t":72,"s":[{"i":[[0,0],[11.578,16.424],[0,0],[1.504,0.7],[1.905,-3.9],[0,0],[8.834,-4.178],[-0.71,-2.234],[1.306,-2.294],[-4.741,-2.996],[0,0],[-11.697,0.917],[0,0],[-1.989,-24.411],[26.275,-17.764],[-23.816,2.363]],"o":[[-7.875,-5.251],[0,0],[-0.802,-1.6],[-2.708,-1.2],[0,0],[-7.631,6.317],[0,0],[0.71,2.234],[-2.27,4.139],[0,0],[10.565,6.553],[37.943,-2.974],[12.81,-1.879],[0.124,1.523],[87.334,-45.406],[11.018,-13.252]],"v":[[155.581,-38.923],[58.225,-95.731],[6.215,-158],[2.505,-161.5],[-7.423,-158],[-64.074,-92.317],[-95.563,-74.538],[-158.382,-36.957],[-164.57,-32.696],[-159.872,-17.99],[-142.304,-6.965],[-106.138,1.329],[-19.065,-10.206],[14.87,9.265],[-21.611,43.235],[166.625,-16.746]],"c":true}]}]},"nm":"Path 1","hd":false},{"ty":"fl","c":{"a":0,"k":[1,0.850980401039,0.403921574354,1]},"o":{"a":0,"k":100},"r":1,"bm":0,"nm":"Fill 1","hd":false},{"ty":"tr","p":{"a":0,"k":[0,0]},"a":{"a":0,"k":[0,0]},"s":{"a":0,"k":[100,100]},"r":{"a":0,"k":0},"o":{"a":0,"k":100},"sk":{"a":0,"k":0},"sa":{"a":0,"k":0},"nm":"Transform"}],"nm":"Shine","bm":0,"hd":false},{"ty":"gr","it":[{"ind":0,"ty":"sh","ks":{"a":1,"k":[{"i":{"x":0.5,"y":1},"o":{"x":0.4,"y":0},"t":0,"s":[{"i":[[0.8,6.4],[0,0],[-6.4,6.1],[0,0],[0,2.1],[4.9,0.6],[0,0],[5.4,11],[0,0],[1.6,0.7],[1.9,-4],[0,0],[10,-1.3],[0,0],[1.6,-2.1],[-4.3,-3.6],[0,0],[-12.3,1.7],[0,0],[-3.4,-6.7],[8.6,-4.4],[0,0],[2.4,-16.9],[0,0],[-1.3,-1.4],[-4.4,2.2],[0,0],[-9.1,-5],[0,0],[-2.3,0.5]],"o":[[0,0],[-1,-8],[0,0],[1.5,-1.5],[0,-5.1],[0,0],[-12.1,-1.5],[0,0],[-0.8,-1.6],[-2.1,-1],[0,0],[-4.5,9],[0,0],[-2.6,0.3],[-2.7,3.5],[0,0],[9.6,7.9],[0,0],[7.5,-1.1],[4.3,8.6],[0,0],[-15,7.7],[0,0],[-0.3,1.9],[3.3,3.7],[0,0],[10.4,-5.3],[0,0],[2.1,1.1],[5,-1.2]],"v":[[103.5,155.7],[91.8,62.9],[100,41.5],[168.7,-26.6],[171,-33.3],[162.7,-41.9],[75.9,-52.5],[47.8,-72.8],[6.2,-158],[1.8,-161.6],[-6.7,-157.5],[-52.2,-70],[-75.4,-53.4],[-163.1,-41.4],[-169.8,-38],[-167.1,-22.8],[-133.7,4.6],[-100.2,14.7],[3.7,-0.3],[21.9,9.2],[13.8,32.5],[-70,75.5],[-97.7,114.7],[-103.6,157.3],[-101.7,163.5],[-90.3,166.1],[-15.4,127.5],[14.8,128.1],[87.1,167.8],[94.8,168.8]],"c":true}]},{"t":72,"s":[{"i":[[-1.249,7.637],[5.189,38.103],[-5.495,7.011],[0,0],[-0.239,2.086],[2.438,1.075],[14.055,6.648],[7.207,9.231],[0,0],[1.604,0.7],[1.905,-4],[0,0],[9.962,-5.803],[0,0],[1.32,-2.286],[-4.741,-2.996],[0,0],[-12.035,2.293],[0,0],[-4.272,-9.991],[12.407,-8.756],[16.277,-14.097],[3.138,-11.826],[0,0],[-1.485,-1.4],[-6.926,0.73],[-40.273,14.794],[-14.07,-3.275],[-35.269,-3.024],[-2.627,0.5]],"o":[[0,0],[-1.236,-9.076],[14.738,-18.803],[1.661,-1.32],[0.58,-5.067],[0,0],[-15.443,-7.305],[0,0],[-0.802,-1.6],[-2.106,-1],[0,0],[-6.252,5.817],[0,0],[-2.537,0.643],[-2.21,3.828],[0,0],[10.565,6.553],[0,0],[12.81,-1.879],[6.014,11.604],[0,0],[-7.189,6.226],[-3.347,12.615],[-0.343,1.9],[3.769,3.7],[0,0],[8.2,-3.012],[0,0],[4.778,0.41],[5.711,-1.2]],"v":[[120.242,153.851],[119.368,69.761],[130.074,43.663],[167.961,-18.374],[170.118,-24.666],[164.187,-35.079],[95.708,-72.618],[58.226,-95.731],[6.215,-158],[1.803,-161.6],[-6.721,-157.5],[-64.074,-92.317],[-95.563,-74.538],[-158.382,-36.957],[-164.57,-32.696],[-159.872,-17.99],[-142.304,-6.964],[-106.138,1.329],[-19.065,-10.206],[11.719,-2.446],[-0.146,28.063],[-93.597,89.909],[-115.596,119.493],[-118.527,157.3],[-116.357,163.5],[-100.443,168.155],[-15.458,149.16],[11.696,148.453],[97.95,168.827],[108.08,168.8]],"c":true}]}]},"nm":"Path 1","hd":false},{"ty":"gf","o":{"a":0,"k":100},"r":1,"bm":0,"g":{"p":3,"k":{"a":0,"k":[0,1,0.635,0,0.5,1,0.755,0.184,1,1,0.875,0.369]}},"s":{"a":0,"k":[93.279,197.903]},"e":{"a":0,"k":[-47.232,-173.304]},"t":1,"nm":"Gradient_Ez2phmKzS3","hd":false},{"ty":"tr","p":{"a":0,"k":[0,0]},"a":{"a":0,"k":[0,0]},"s":{"a":0,"k":[100,100]},"r":{"a":0,"k":0},"o":{"a":0,"k":100},"sk":{"a":0,"k":0},"sa":{"a":0,"k":0},"nm":"Transform"}],"nm":"Front","bm":0,"hd":false},{"ty":"gr","it":[{"ind":0,"ty":"sh","ks":{"a":1,"k":[{"i":{"x":0.5,"y":1},"o":{"x":0.4,"y":0},"t":0,"s":[{"i":[[-2.6,5.3],[0,0],[-10.5,-5],[-2,-4.2],[0,0],[-7.8,-1],[0,0],[1.5,-12.4],[3.6,-3.6],[0,0],[-0.5,-4],[0,0],[13.5,-1.7],[4.6,2.5],[0,0],[5.5,-2.9],[0,0],[5.6,11.1],[-0.8,5.6],[0,0],[-19,9.8],[0,0],[7.5,-1],[0,0],[12.7,10.4],[0,0],[-8.2,10.2],[-5.9,0.8],[0,0]],"o":[[0,0],[5.2,-10.1],[4.1,2],[0,0],[3.5,7.2],[0,0],[13.1,1.6],[-0.6,5.1],[0,0],[-2.9,2.9],[0,0],[1.7,13.7],[-5.1,0.6],[0,0],[-7,-3.6],[0,0],[-11,5.7],[-2.1,-4.2],[0,0],[3.2,-23.3],[0,0],[5.1,-3],[0,0],[-16.2,2.3],[0,0],[-9.7,-7.6],[3.8,-4.7],[0,0],[5.8,-0.6]],"v":[[-65.7,-78.7],[-20.4,-168.7],[9.3,-178.3],[19.6,-168.3],[62.7,-80.4],[79.7,-68.6],[168.4,-58],[189.3,-30.9],[182.8,-16.8],[111.8,53.5],[108.7,63.7],[120.2,158.8],[97.5,186.8],[81.9,184.3],[8.2,143.7],[-9.2,143.2],[-85.6,182.8],[-117.5,172.9],[-120.5,158.7],[-114.6,115.6],[-78.4,63],[2.5,20.9],[0.4,16.1],[-99.8,29.8],[-146.1,15.9],[-180.9,-13],[-184.1,-47.7],[-168.3,-57.5],[-77.9,-69.2]],"c":true}]},{"t":72,"s":[{"i":[[-5.335,6.709],[0,0],[-9.326,-5.7],[-2.823,-3.052],[-15.103,-22.59],[-9.745,-4.891],[-25.757,-17.992],[2.862,-12.158],[2.241,-4.473],[25.151,-33.027],[1.248,-5.236],[6.609,-46.211],[15.419,-1.7],[8.158,0.721],[0,0],[7.848,-2.504],[0,0],[6.352,11.122],[1.145,10.361],[0,0],[-18.081,12.437],[-41.786,22.189],[8.594,-2.988],[26.025,-1.286],[13.727,4.954],[0,0],[-6.802,11.181],[-7.155,5.381],[0,0]],"o":[[24.186,-30.416],[11.248,-10.665],[4.112,2],[0,0],[4.782,7.152],[0,0],[9.905,6.919],[-1.177,4.999],[0,0],[-3.535,4.642],[0,0],[-1.486,10.39],[-5.825,0.6],[-39.568,-3.499],[-5.448,-1.8],[-32.596,10.399],[-15.188,2.11],[-2.399,-4.2],[-1.145,-10.361],[3.655,-23.3],[0,0],[7.065,-3.752],[0,0],[-15.438,0.763],[-17.009,-6.138],[-7.962,-7.387],[3.141,-5.164],[23.53,-17.697],[3.994,-3.159]],"v":[[-80.807,-104.57],[-23.131,-169.111],[10.437,-177.273],[22.547,-168.711],[76.225,-108.082],[98.129,-91.431],[172.572,-51.042],[189.584,-20.302],[185.083,-6.006],[145.48,58.297],[141.433,70.736],[137.091,158.8],[111.163,186.8],[92.9,186.56],[10.96,168.3],[-13.276,167.69],[-97.078,184.855],[-134.403,172.9],[-137.83,158.7],[-136.007,120.598],[-106.65,73.032],[-15.725,16.025],[-19.968,6.315],[-102.678,18.338],[-145.357,13.948],[-173.971,-4.324],[-181.535,-37.88],[-165.399,-52.981],[-96.395,-92.779]],"c":true}]}]},"nm":"Path 1","hd":false},{"ty":"gs","o":{"a":0,"k":100},"w":{"a":0,"k":8},"g":{"p":3,"k":{"a":0,"k":[0,0.796,0.439,0,0.5,0.782,0.4,0,1,0.769,0.361,0]}},"s":{"a":0,"k":[-1,-171]},"e":{"a":0,"k":[1.73,184.29]},"t":1,"lc":2,"lj":2,"bm":0,"nm":"Gradient_qhoXqWB7bm","hd":false},{"ty":"gf","o":{"a":0,"k":100},"r":1,"bm":0,"g":{"p":3,"k":{"a":0,"k":[0,1,0.714,0,0.5,0.965,0.612,0,1,0.929,0.51,0]}},"s":{"a":0,"k":[-0.953,-180.679]},"e":{"a":0,"k":[1.58,188.35]},"t":1,"nm":"Gradient_wycXGuHQTp","hd":false},{"ty":"tr","p":{"a":0,"k":[0,0]},"a":{"a":0,"k":[0,0]},"s":{"a":0,"k":[100,100]},"r":{"a":0,"k":0},"o":{"a":0,"k":100},"sk":{"a":0,"k":0},"sa":{"a":0,"k":0},"nm":"Transform"}],"nm":"Back","bm":0,"hd":false},{"ty":"tr","p":{"a":0,"k":[-100.939,176.332]},"a":{"a":0,"k":[-100.939,176.332]},"s":{"a":0,"k":[100,100]},"r":{"a":0,"k":0},"o":{"a":0,"k":100},"sk":{"a":0,"k":0},"sa":{"a":0,"k":0},"nm":"Transform"}],"nm":"Group 1","bm":0,"hd":false}],"ip":0,"op":77,"st":0,"bm":0}]}